"Subject","Course","Course_Title","As","Bs","Cs","Ds","Fs","GPA","N"
"AAEC",1005,"Econ Food Fiber Sys",90,113,90,35,7,2.99666666666667,335
"AAEC",1006,"Econ Food Fiber Syst",33,73,34,19,2,2.71,161
"AAEC",2104,"Personal Financial Planning",82,96,44,2,3,3.11,227
"AAEC",2434,"Foundations of Agribusiness",77,12,6,0,0,3.68,95
"AAEC",2464,"Religion and Science",8,7,2,0,0,3.32,17
"AAEC",3015,"AAEC Internship",83,25,3,0,7,3.46,118
"AAEC",3104,"Fin Planning for Professionals",11,15,9,3,2,2.75,40
"AAEC",3204,"Intl Agri Dvlp & Trad",33,58,15,0,1,3.09,107
"AAEC",3504,"Marketing Ag Products",32,47,3,1,0,3.28,83
"AAEC",3514,"Ag Futures",6,23,18,3,0,2.61,50
"AAEC",3604,"Agricultural Law",23,50,15,0,3,2.98,91
"AAEC",4104,"Retirement Planning",11,27,14,1,0,2.88,53
"AAEC",4124,"Client Relationship Management",8,29,12,1,0,2.86,50
"AAEC",4134,"Fin Planning Applications",0,4,13,3,0,2.07,20
"AAEC",4204,"Food and Agricultural Policy",16,20,4,0,0,3.18,40
"AAEC",4324,"Rural Regional Dvlp Policy",4,11,14,1,0,2.58,30
"AAEC",4334,"Applications Rural Development",10,11,1,0,0,3.42,22
"AAEC",4424,"Ag Financial Management",20,20,7,0,0,3.17,47
"AAEC",4514,"Adv Agribus Mkting",28,10,4,0,0,3.55,42
"AAEC",4754,"Real Estate Law",14,46,12,7,3,2.78,82
"AAEC",4984,"SS:Strtgc Mgt Of App Econ Prob",10,0,0,0,0,3.97,10
"AAEC",5024,"Math Prog for Econ",9,4,0,0,0,3.72,13
"AAEC",5025,"Applied Microeconomic",5,5,0,0,0,3.5,10
"AAEC",5034,"Agribusiness Marketing",26,3,0,0,1,3.73,30
"AAEC",5154,"Int Agr Dvlp & Trade",7,7,0,0,0,3.56,14
"AAEC",5244,"Rural Development",7,5,0,0,0,3.51,12
"ACIS",1504,"Intro to Bus Analytics & BI",618,233,45,6,5,3.6,907
"ACIS",2115,"Principles of Accounting",95,331,291,38,33,2.47125,788
"ACIS",2116,"Principles of Accounting",48,82,106,26,10,2.45625,272
"ACIS",2504,"Personal Computers in Business",104,98,23,4,2,3.25,231
"ACIS",3115,"Intermediate Financial Acct",27,71,47,11,4,2.66,160
"ACIS",3116,"Intermediate Financial Acct",7,21,23,4,2,2.43,57
"ACIS",3504,"Acct Sys and Controls",32,71,33,5,3,2.805,144
"ACIS",4114,"Advanced Financial Accounting",40,28,23,7,1,2.965,99
"ACIS",4194,"Analysis of Fin Statements",30,27,5,0,0,3.41,62
"ACIS",4214,"Cost Planning and Control",22,57,16,1,1,2.94,97
"ACIS",4314,"Principles of Taxation",42,91,33,5,1,3.015,172
"ACIS",4344,"Tax for Financial Planners",4,13,16,11,0,2.23,44
"ACIS",4414,"Financial Statement Auditing",44,103,17,5,2,3.028,171
"ACIS",4504,"Acct Application Development",16,26,15,0,0,3.045,57
"ACIS",5024,"Ethical Issues in Accounting",12,5,0,0,0,3.71,17
"ACIS",5034,"Global Issues in ACIS",27,9,0,0,0,3.68,36
"ACIS",5104,"Fundamentals of Accounting",14,14,2,0,0,3.36,30
"ACIS",5124,"Govt & Nfp Acctg",14,27,1,0,0,3.3,42
"ACIS",5294,"Management Control Systems",8,2,0,0,0,3.74,10
"ACIS",5314,"Tax Concepts and Research",7,6,0,0,0,3.52,13
"ACIS",5324,"Taxation of Business Entities",21,16,0,0,0,3.455,37
"ACIS",5504,"Sys/Database Concepts",55,19,0,0,0,3.71,74
"ACIS",5514,"Mgt Of Info Systems",21,26,3,0,0,3.305,50
"ACIS",5524,"Adv Database Mgt Sys",19,18,0,0,0,3.43,37
"ACIS",5604,"Accounting Fundamentals",5,6,2,0,0,3.3,13
"ACIS",5604,"Acct Fund. Execut. Dec. Making",23,7,0,0,0,3.79,30
"AFST",1714,"Intro African American Studies",94,59,9,2,2,3.43,166
"AFST",1814,"Intro to African Studies",38,25,3,1,2,3.36,69
"AFST",2144,"African Religions",7,7,0,0,0,3.41,14
"AFST",3175,"Afro-American History",0,9,0,2,2,2.21,13
"AHRM",1104,"Introduction to AHRM",27,1,1,0,0,3.86,29
"AHRM",1204,"Clothing and People",16,17,4,0,0,3.32,37
"AHRM",1214,"Fashion Presentation Technique",13,3,0,0,0,3.78,16
"AHRM",2034,"History of Costume",11,21,6,0,0,3.13,38
"AHRM",2204,"Introduction to Textiles",6,7,3,0,0,3.19,16
"AHRM",2214,"Apparel Textiles Laboratory",7,7,2,0,0,3.33,16
"AHRM",2234,"Housing Textiles",7,7,2,0,1,3.15,17
"AHRM",2304,"Family Financial Management",66,53,13,0,2,3.31,134
"AHRM",2404,"Consumer Rights",100,29,8,4,1,3.56,142
"AHRM",2604,"House Planning",4,31,10,3,2,2.62,50
"AHRM",2614,"Intro Residential Technologies",7,12,15,1,2,2.53,37
"AHRM",2634,"Residential Technologies Lab",10,3,0,1,1,3.27,15
"AHRM",2644,"Housing and the Consumer",10,10,10,1,1,2.82,32
"AHRM",2654,"Housing Environments",9,3,0,1,1,3.24,14
"AHRM",2664,"Intro Residential Property Mgt",4,14,9,0,0,2.84,27
"AHRM",2674,"Multifamily Prop Mgnt & OP",19,13,7,2,1,3.08,42
"AHRM",3104,"Fashion Retailing Concepts",21,3,2,0,0,3.74,26
"AHRM",3204,"Textile Evaluation",10,3,0,0,0,3.63,13
"AHRM",3224,"Apparel Production",13,0,0,0,0,3.95,13
"AHRM",3254,"Global Apparel Prod & Trade",2,16,3,0,0,2.91,21
"AHRM",3404,"Consumer Education Strategies",10,7,2,1,1,3.09,21
"AHRM",3504,"Resource Mgt Indiv/Families",20,4,2,2,0,3.46,28
"AHRM",4214,"Econ of Tex/App Industry",2,7,2,1,0,2.78,12
"AHRM",4234,"Apparel Quality Evaluation",23,8,1,0,0,3.63,32
"AHRM",4314,"Debtor-Creditor Relationships",14,9,0,1,1,3.29,25
"AHRM",4404,"Consumer Protection",17,8,3,1,0,3.35,29
"AHRM",4644,"Adv Residential Property Mgmt",4,3,3,2,0,2.73,12
"AHRM",4664,"Universal Design",15,9,2,0,1,3.29,27
"AHRM",4674,"Housing for Later Life",3,11,6,0,0,2.88,20
"AHRM",4984,"SS:Pattern Making and Grading",20,0,0,0,0,3.97,20
"AINS",1104,"Intro American Indian Studies",118,26,4,3,0,3.67,151
"ALCE",3014,"Leadership Effective for Ag",10,12,3,0,0,3.4,25
"ALCE",3624,"Comm Agriculture in Writing",31,6,1,0,0,3.665,38
"ALCE",3634,"Comm Ag & Life Sci in Speaking",7,7,0,1,0,3.43,15
"ALCE",4014,"Intro to Cooperative Education",13,8,1,2,0,3.33,24
"ALCE",4024,"Managing Agricultural SOEP",9,4,1,0,0,3.4,14
"ALCE",4034,"Meth of Planning Ed Prog in Ag",20,1,1,0,0,3.89,22
"ALCE",4984,"SS:Leadership Identity Commnty",19,0,0,0,0,4,19
"ALCE",5074,"Found in Ag & Extension Educ",8,2,0,0,1,3.24,11
"ALCE",5204,"Eval Extension & Outreach Prog",13,0,0,0,0,3.98,13
"ALS",1234,"CALS First Year Seminar",178,44,9,2,0,3.65444444444444,233
"ALS",2304,"Animal Physiology and Anatomy",10,36,40,7,0,2.488,93
"ALS",2984,"SS: CALS Peer Leader Program",58,2,0,0,0,3.97,60
"ALS",2984,"SS:Animals in Society",16,11,6,1,0,3.2,34
"ALS",3104,"Animal Breeding and Genetics",9,31,23,21,2,2.29,86
"ALS",3204,"Animal Nutrition and Feeding",23,17,7,5,2,2.98,54
"ALS",3304,"Physiology of Reproduction",12,26,25,10,2,2.39666666666667,75
"ALS",5115,"Nutrition",3,12,0,0,0,3.38,15
"AOE",2074,"Computational Methods",36,47,33,9,1,2.84,126
"AOE",2104,"Intro to Aerospace Engineering",47,57,9,0,0,3.31,113
"AOE",2204,"Intro to Ocean Engineering",13,6,0,0,0,3.57,19
"AOE",3014,"Aero/Hydrodynamics",14,38,65,27,4,2.215,148
"AOE",3024,"Thin-Walled Structures",48,68,12,2,1,3.19,131
"AOE",3034,"Vehicle Vibration and Control",45,62,24,4,0,3.055,135
"AOE",3044,"Boundary Layer Theory",24,58,28,9,2,2.75,121
"AOE",4065,"Aircraft Design",26,37,4,0,0,3.3,67
"AOE",4134,"Astromechanics",62,76,9,0,0,3.33,147
"AOE",4154,"Aero Engr Lab",49,54,1,0,1,3.31833333333333,105
"AOE",4165,"Spacecraft Design",16,15,1,0,0,3.44,32
"AOE",4234,"Aerospace Propulsion Systems",31,48,21,3,2,2.98,105
"AOE",4254,"Ocean Engineering Laboratory",11,6,2,1,0,3.305,20
"AOE",4264,"Principles Naval Engineering",11,3,2,0,1,3.32,17
"AOE",4265,"Ship Design",14,7,0,1,0,3.44,22
"AOE",4334,"Ship Dynamics",12,13,5,1,0,3.11,31
"AOE",4994,"Undergraduate Research",15,0,0,0,0,4,15
"AOE",5024,"Vehicle Structures",22,20,1,0,0,3.54,43
"AOE",5104,"Adv Aero Hydrody",38,37,6,1,1,3.255,83
"AOE",5135,"Vehicle Propulsion",9,4,1,0,0,3.46,14
"AOE",5204,"Vehicle Dynamics and Control",21,26,4,0,0,3.29,51
"AOE",5434,"Adv Intro Comp Fluid Dynamics",17,2,0,0,0,3.85,19
"APS",1704,"Intro to Appalachian Studies",64,24,2,2,0,3.6025,92
"APSC",1454,"Intro Animal & Poultry Science",35,49,70,20,6,2.48,180
"APSC",1464,"Animal & Poultry Science Lab",50,73,41,9,1,2.9,174
"APSC",1504,"APSC First Year Experience",151,36,6,5,1,3.63666666666667,199
"APSC",2004,"Animal & Poultry Sci Seminar",17,24,8,0,2,3.03,51
"APSC",2104,"Poultry Laboratory",11,8,3,0,0,3.38,22
"APSC",2124,"Horse Management Laboratory",22,20,2,0,0,3.49,44
"APSC",2164,"Comp/Lab Anim Care & Handling",28,12,0,1,0,3.63,41
"APSC",2824,"Equine Conform & Biomechanics",5,13,2,0,0,3.2,20
"APSC",3064,"Comp/Lab Animal Science",8,36,14,5,3,2.57,66
"APSC",3214,"Meat Science",18,6,0,0,0,3.66,24
"APSC",3254,"Animal Products",8,17,3,1,1,2.96,30
"APSC",3764,"Livestock Merchandising",33,25,1,0,0,3.52,59
"APSC",3824,"Equine Behavior and Training",98,63,7,0,0,3.57,168
"APSC",4004,"Issues in Animal Science",45,11,1,0,0,3.7475,57
"APSC",4304,"Bovine Reproduction Practices",11,1,0,0,0,3.89,12
"APSC",4404,"Poultry Enterprise Management",4,4,2,1,0,3.05,11
"APSC",4414,"Beef and Sheep Production",6,29,17,6,0,2.625,58
"APSC",5984,"SS:Prof Develop Grad Students",20,1,0,0,0,3.94,21
"ARBC",1105,"Elementary Arabic",28,22,6,1,1,3.285,58
"ARBC",1106,"Elementary Arabic",5,3,2,1,0,3.09,11
"ARBC",2105,"Intermediate Arabic",8,4,0,0,1,3.32,13
"ARBC",3105,"Advanced Arabic",6,4,0,0,0,3.54,10
"ARBC",3304,"Modern Arabic Lit in Tans",9,4,0,0,0,3.72,13
"ARCH",1015,"Foundation Design Laboratory",88,114,10,2,0,3.317,214
"ARCH",2015,"Architecture II",46,52,10,1,0,3.31,109
"ARCH",2044,"Building Materials",56,46,12,0,0,3.34,114
"ARCH",3015,"Architecture III",66,19,5,0,0,3.56833333333333,90
"ARCH",3045,"Building Assemblies",43,41,9,0,0,3.33,93
"ARCH",3115,"History of Architecture",54,51,19,3,1,3.17,128
"ARCH",3514,"Hand Building Wtih Clay",18,9,0,0,0,3.68,27
"ARCH",3514,"TS:Graphics",5,1,4,0,0,3.16,10
"ARCH",3514,"TS:Screen Printing",20,2,0,0,0,3.9,22
"ARCH",4015,"Architecture IV",27,19,0,0,0,3.51666666666667,46
"ARCH",4044,"Professional Practice",30,16,1,0,0,3.54333333333333,47
"ARCH",4055,"Envir Bldg Systems",38,35,8,1,1,3.28,83
"ARCH",4076,"Building Structures",38,44,10,1,0,3.28,93
"ARCH",4114,"Ideas-Concepts-Representations",30,12,2,0,0,3.58,44
"ARCH",4214,"TS:Film + Drawing",9,1,0,0,0,3.87,10
"ARCH",4214,"TS:Study of Built Environment",10,4,0,0,0,3.71,14
"ARCH",4705,"Qualifying Design Seminar",12,7,0,0,0,3.58,19
"ARCH",4715,"Qualifying Design Laboratory",15,4,0,0,0,3.74,19
"ARCH",4974,"Independent Study",15,1,0,0,0,3.79,16
"ARCH",4984,"SS: Future HAUS Research",14,0,0,0,0,4,14
"ARCH",5044,"Professional Practice",15,6,0,0,0,3.635,21
"ARCH",5064,"Topics in Comp Appl Design",16,8,0,0,0,3.65,24
"ARCH",5134,"Top Arch Hist Theory",32,17,0,0,0,3.6,49
"ARCH",5134,"TS:Descriptive Geometry I",11,8,0,0,0,3.63,19
"ARCH",5515,"Arch & Systems Lab",6,5,0,0,0,3.6,11
"ARCH",5565,"Bldg Materials & Construction",21,10,2,0,0,3.68,33
"ARCH",5614,"Theory of Urban Form",17,10,0,0,0,3.59,27
"ARCH",5705,"Arch & Urban Seminar",34,12,2,0,0,3.63,48
"ARCH",5715,"Arch & Urbanism Lab",29,41,6,0,0,3.305,76
"ARCH",5755,"Building Environmental Systems",14,2,0,0,0,3.8,16
"ARCH",6005,"ARCH & Western Thought",22,0,0,0,0,3.7,22
"ART",1004,"TS:\Digital Photography",10,2,1,0,1,3.45,14
"ART",1004,"TS:Digital Photography",7,4,1,0,0,3.58,12
"ART",1004,"TS:Painting for Non Majors",11,0,0,0,0,4,11
"ART",1204,"Principles of Art & Design I",33,30,5,0,1,3.365,69
"ART",1404,"Drawing I",36,21,4,2,0,3.39,63
"ART",1604,"Principles of New Media",55,11,3,0,0,3.6975,69
"ART",2385,"Surv Hist West Art",89,81,7,9,3,3.28,189
"ART",2524,"Introduction To Painting",15,0,0,0,0,3.92,15
"ART",2554,"Introduction To Sculpture",9,2,0,0,0,3.85,11
"ART",2566,"Typography II",4,12,3,0,0,2.99,19
"ART",2575,"Intro to Graphic Design I",13,7,0,0,0,3.59,20
"ART",2604,"Intro to New Media",9,2,0,0,0,3.65,11
"ART",2664,"Digital Photography",6,9,1,0,0,3.28,16
"ART",2704,"Intro 3D Animation",12,4,0,0,0,3.68,16
"ART",2984,"SS:Gateway to Art & Design",45,10,1,1,0,3.75,57
"ART",3084,"Greek Art and Architecture",11,6,1,0,0,3.52,18
"ART",3514,"TS:Concepts in Drawing",7,5,0,0,0,3.61,12
"ART",3524,"Topics In Painting Media",12,0,0,0,0,4,12
"ART",3565,"Int Graph Design I,II",8,8,1,0,0,3.45,17
"ART",3574,"TS:Hand Lettering",16,3,1,0,0,3.74,20
"ART",3574,"TS:Intro Web Design",11,7,0,0,0,3.66,18
"ART",3704,"TS:Character Modeling",10,0,0,0,0,3.88,10
"ART",3704,"TS:Processing",11,3,0,0,0,3.79,14
"ART",3774,"Modern Graphic Design",31,2,0,0,0,3.95,33
"ART",3784,"Euro & American Art Since 1900",14,14,2,0,0,3.41,30
"ART",3854,"Professional Studio Practices",7,4,5,1,1,2.9,18
"ART",4384,"TS:Arts and Crafts",4,5,1,0,0,3.33,10
"ART",4384,"TS:Landscape Painting Renais",6,3,2,0,0,3.31,11
"ART",4484,"TS: Criticism & Methods",6,2,1,1,0,3.15,10
"ART",4504,"TS:Electronic Portfolios",16,3,0,0,0,3.76,19
"ART",4504,"TS:Mobile Design",17,3,0,0,0,3.84,20
"ART",4894,"Senior Studio",23,6,0,0,0,3.78,29
"ART",5524,"TS:Graduate Studio",14,0,0,0,0,3.98,14
"AS",1115,"Introduction to the Air Force",75,10,0,0,0,3.825,85
"AS",2115,"The Development of Air Power",43,10,0,0,0,3.8,53
"AS",2934,"Air Force Fitness",235,9,0,0,0,3.955,244
"AS",3215,"AF Management & Leadership",39,9,0,0,0,3.745,48
"AS",4215,"Natl Security Forces",31,6,0,0,0,3.795,37
"AT",104,"Computer Applications",28,12,6,2,1,3.29,49
"AT",144,"Communication Skills",8,31,9,1,1,2.91,50
"AT",164,"Introduction to Animal Science",9,13,13,4,0,2.735,39
"AT",174,"Fundamentals of Turfgrass Mgmt",0,3,10,3,0,2.09,16
"AT",184,"Intro Plant Biology and Chem",3,13,24,10,4,1.99,54
"AT",234,"Intro Agribus & Financial Mgt",12,24,12,10,3,2.5,61
"AT",294,"Livestock Merchandising",8,25,3,2,0,3.03,38
"AT",334,"Principles of Animal Health",3,14,9,0,0,2.7,26
"AT",344,"Grain Crop Management",6,17,15,1,1,2.69,40
"AT",434,"Pest Management",5,16,10,0,2,2.59,33
"AT",504,"Agricultural Technology Survey",47,6,1,0,0,3.85,54
"AT",574,"Woody Landscape Plants",2,5,12,5,0,2.19,24
"AT",614,"Beef and Sheep Management",24,12,1,0,1,3.46,38
"AT",654,"Golf Course Design and Rules",2,7,4,0,0,2.94,13
"AT",664,"Golf & Sports Turf Management",0,5,9,0,0,2.42,14
"AT",684,"Landscape Design",1,5,5,0,0,2.61,11
"AT",714,"Hardscape Materials & Instal",11,0,0,0,0,4,11
"AT",984,"SS:Intro to Risk Mgmt in Agric",2,8,8,5,1,2.16,24
"BC",1214,"Intro to BC I",41,35,4,0,1,3.42,81
"BC",2014,"Construction Principles I",24,26,16,3,2,2.91,71
"BC",2024,"Construction Principles II",10,6,5,0,0,3.2,21
"BC",2044,"Buildings & Materials",31,20,11,1,4,3.04,67
"BC",2064,"Construction Prin Lab",6,14,3,0,0,3.03,23
"BC",2104,"Bldg Effective Const Teams",9,7,0,0,0,3.58,16
"BC",2114,"IT in Design and Construction",40,19,6,5,1,3.3,71
"BC",2214,"Why Buildings Stand Up",21,17,11,4,0,2.98,53
"BC",3064,"Build Syst Tech Lab",16,27,1,1,0,3.26,45
"BC",3114,"Building Systems Technology",18,25,4,0,0,3.32,47
"BC",3134,"Temporary Structures",17,7,4,0,1,3.27,29
"BC",4064,"Construction Practice Lab",24,24,2,0,0,3.43,50
"BC",4164,"Process Planning and Design",15,17,3,1,0,3.29,36
"BC",4314,"Bldg Performance & Energy Mgt",14,6,0,0,0,3.61,20
"BC",4434,"Construction Practice I",12,30,2,0,1,3.12,45
"BC",4444,"Construction Practice II",19,9,2,0,0,3.46,30
"BC",5144,"Sustainable Infastructure Sys",9,3,0,0,0,3.75,12
"BCHM",2024,"Concepts of Biochemistry",26,34,27,2,0,2.89,89
"BCHM",3114,"Biochem for Biotech",75,75,39,10,4,2.96,203
"BCHM",4115,"General Biochemistry",28,80,47,4,8,2.68,167
"BCHM",4124,"Lab Prob Biochemistry",24,33,4,0,0,3.34666666666667,61
"BCHM",4994,"Undergraduate Research",240,3,0,0,0,3.958,243
"BCHM",5124,"Life Sciences Biochem",37,27,5,0,0,3.44,69
"BIOL",1004,"Biology Orientation Seminar",213,149,19,4,4,3.45,389
"BIOL",1005,"General Biology",151,229,136,40,9,2.83,565
"BIOL",1015,"General Biology Lab",62,43,4,1,0,3.462,110
"BIOL",1105,"Principles of Biology",220,612,496,104,13,2.64142857142857,1445
"BIOL",1115,"Principles of Biol Lab",893,501,35,7,2,3.54145161290323,1438
"BIOL",2004,"Genetics",172,100,28,6,0,3.395,306
"BIOL",2104,"Cell and Molecular Biology",59,85,37,1,0,3.05,182
"BIOL",2204,"Plants and Civilization",15,25,18,4,0,2.83,62
"BIOL",2304,"Plant Biology",22,7,6,1,2,3.16,38
"BIOL",2604,"General Microbiology",160,158,73,20,9,3,420
"BIOL",2614,"Gen Microbiology Lab",250,23,1,0,3,3.85416666666667,277
"BIOL",2704,"Evolutionary Biology",72,88,47,10,1,2.99,218
"BIOL",2804,"Ecology",72,144,80,6,1,2.93,303
"BIOL",2974,"Independent Study",55,0,0,0,0,4,55
"BIOL",2984,"SS:Biology of Sex",11,24,10,1,0,2.97,46
"BIOL",2984,"SS:Phage Hunters I",23,2,0,0,0,3.915,25
"BIOL",2994,"Undergraduate Research",14,0,0,0,0,3.97,14
"BIOL",3014,"Insect Biology",15,16,4,0,0,3.32,35
"BIOL",3024,"Insect Biology Laboratory",5,3,1,1,0,3.17,10
"BIOL",3104,"Cell Molecular Biol Laboratory",39,2,1,0,0,3.87,42
"BIOL",3134,"Human Genetics",27,19,10,5,0,3.09,61
"BIOL",3404,"Introductory Animal Physiology",13,29,13,2,1,2.85,58
"BIOL",3454,"Introductory Parasitology",14,27,8,1,0,3.05,50
"BIOL",3774,"Molecular Biology",26,11,2,0,0,3.58,39
"BIOL",4004,"Freshwater Ecology",9,13,8,1,0,2.905,31
"BIOL",4164,"Environmental Microbiology",10,1,0,0,0,3.91,11
"BIOL",4434,"Mammalogy",14,34,8,1,0,3.05666666666667,57
"BIOL",4454,"Invertebrate Zoology",8,8,2,0,0,3.38,18
"BIOL",4624,"Microbial Genetics",26,16,12,3,3,2.97,60
"BIOL",4664,"Virology",16,16,8,1,1,3.13,42
"BIOL",4674,"Pathogenic Bacteriology",55,36,14,3,4,3.21,112
"BIOL",4724,"Pathogenic Bacteriology Lab",81,8,1,0,0,3.885,90
"BIOL",4884,"Cell Biology",2,8,1,0,0,2.98,11
"BIOL",4994,"Undergraduate Research",17,0,0,0,0,3.98,17
"BIOL",5034,"Ecosystem Dynamics",8,2,0,0,0,3.71,10
"BIOL",5404,"Neuroethology",9,1,0,0,0,3.93,10
"BIOL",5884,"Molecular Biology of the Cell",12,13,0,0,0,3.35,25
"BIOL",5984,"SS:Microbial Ecology",8,6,1,0,0,3.53,15
"BIOL",6004,"TS:Quantitative Ecology",20,0,0,0,0,4,20
"BIT",2405,"Quantitative Methods",178,332,179,36,14,2.70666666666667,739
"BIT",2406,"Quantitative Methods",174,126,29,6,5,3.188,340
"BIT",3414,"Operations & Supply Chain Mgt",116,298,126,31,9,2.89714285714286,580
"BIT",3424,"Intro Bus Analytics Modeling",169,31,6,1,2,3.66,209
"BIT",3434,"Adv Modeling for Bus Analytics",51,30,12,2,1,3.275,96
"BIT",3444,"Adv Bus Comp and App",38,36,12,5,1,3.25,92
"BIT",3454,"Business Process Improvement",11,30,11,1,0,2.93,53
"BIT",3464,"Enterprise Planning & Control",13,21,10,0,0,3.08,44
"BIT",3954,"Study Abroad",37,0,0,0,0,4,37
"BIT",4434,"Comp Sim In Bus",93,32,8,2,0,3.565,135
"BIT",4444,"Web-Based DSS",24,39,13,3,0,2.89,79
"BIT",4454,"Bus Analysis Seminar in IT",9,4,1,0,0,3.66,14
"BIT",4464,"Adv Supply Chain Mgt",22,45,6,0,0,3.24,73
"BIT",4474,"Global Ops & Info Technology",47,2,0,0,0,3.895,49
"BIT",4484,"Project Management",37,85,23,1,0,2.91,146
"BIT",4514,"Database Technology for Bus",16,52,4,1,0,3.13,73
"BIT",4524,"Systems Development",9,30,12,2,1,2.83,54
"BIT",4554,"Networks & Telecomm Business",26,35,1,0,0,3.38,62
"BIT",5414,"POM in a Global Environment",10,2,0,0,0,3.83,12
"BIT",5474,"Computer-Based Dec Sup Sys",23,8,1,0,0,3.63,32
"BIT",5524,"Intro Bus Intel and Analytics",39,5,2,0,0,3.75,46
"BIT",5594,"Web Apps & Elec Com",42,41,1,0,0,3.48,84
"BIT",5604,"Mod Decis Mkng for Comp Advntg",12,1,0,0,0,3.83,13
"BIT",5624,"Project Management",25,14,0,0,0,3.675,39
"BIT",5644,"Mgt of Info for Bus Decisions",31,11,1,0,0,3.685,43
"BIT",5654,"Project Management",17,15,0,0,0,3.45,32
"BIT",5664,"Managing Global Supply Chain",15,6,0,0,0,3.7,21
"BIT",5724,"Managerial Statistics",15,7,2,2,0,3.31,26
"BMES",4064,"Intro Med Physiology",22,37,1,1,1,3.28,62
"BMES",4994,"Undergraduate Research",14,0,0,0,0,3.96,14
"BMES",5044,"Engineering Mathematics",5,8,0,0,0,3.32,13
"BMES",5054,"Quantitative Cell Physiology",5,15,1,0,0,3.15,21
"BMES",5164,"Advanced Impact Biomechanics",8,4,1,0,0,3.47,13
"BMES",5984,"SS:Intro Funct Mag Res Imagng",12,0,0,0,0,4,12
"BMSP",2135,"Human Anatomy & Physiology",88,146,129,30,11,2.65,404
"BMSP",2145,"Human Anatomy & Physiology Lab",119,167,61,11,0,3.09428571428571,358
"BMVS",4024,"Diseases of Poultry",61,1,0,0,0,3.98,62
"BMVS",4994,"Undergraduate Research",14,0,0,0,0,4,14
"BMVS",6714,"Immunology in Health & Disease",10,1,0,0,0,3.85,11
"BSE",2004,"Intro Biological Systems Eng",7,38,9,0,1,2.85666666666667,55
"BSE",2294,"Animal Struct and Env",7,6,2,0,0,3.37,15
"BSE",2484,"Engines Power Trains",37,16,0,0,1,3.615,54
"BSE",3134,"BSE Seminar",70,8,1,0,0,3.865,79
"BSE",3154,"Thermo Biol Systems",32,29,20,6,3,2.83,90
"BSE",3324,"Small Watershed Hydrology",9,7,4,0,0,3.18,20
"BSE",3494,"Advanced Welding Technology",27,1,0,0,0,3.93,28
"BSE",4125,"Comprehensive Design Project",39,10,0,0,0,3.84,49
"BSE",4204,"Instrumentation",47,1,0,0,0,3.95,48
"BSE",4524,"Biol Proc Plant Des",5,8,1,0,0,3.31,14
"BSE",4544,"Protein Separation Engineering",9,17,4,1,0,3.11,31
"BSE",4604,"Food Process Engineering",7,7,0,0,0,3.59,14
"BSE",5224,"Adv Field Methods in Hydrology",15,0,0,0,0,4,15
"BSE",5984,"SS:Fluvial Form & Processes",8,12,1,0,0,3.33,21
"CEE",2804,"Introduction to CEE",181,32,3,1,1,3.73142857142857,218
"CEE",2814,"CEE Measurements",55,65,15,3,1,3.2325,139
"CEE",2824,"Civil Engr Drawings and CAD",116,9,6,0,1,3.745,132
"CEE",3014,"Construction Management",36,68,10,2,0,3.195,116
"CEE",3104,"Intro Environ Engr",38,95,31,4,0,3.005,168
"CEE",3274,"Intro Land Development",34,23,8,0,0,3.36,65
"CEE",3304,"Fluid Mech for CEE",44,54,15,0,0,3.2,113
"CEE",3314,"Water Resources Engineering",27,36,9,2,0,3.1625,74
"CEE",3404,"Theory of Structures",44,48,21,16,3,2.76666666666667,132
"CEE",3424,"Reinf Concr Struct I",9,16,11,3,6,2.4,45
"CEE",3434,"Design of Steel Structures I",16,7,5,3,1,3.06,32
"CEE",3514,"Intro to Geotechnical Engr",32,32,18,5,1,3.03666666666667,88
"CEE",3604,"Intro Transport Engr",32,43,5,0,1,3.29,81
"CEE",3684,"Civil Engineering Materials",44,32,4,0,0,3.48166666666667,80
"CEE",3804,"Computer Applications for CEE",28,35,10,1,0,3.23,74
"CEE",4014,"Est, Prod & Cost Engr",50,8,0,0,0,3.84,58
"CEE",4024,"Const Control Tech",18,33,21,3,0,2.9,75
"CEE",4064,"Design Hazard Control Constrct",21,5,0,0,0,3.75,26
"CEE",4104,"Water & Wastewater",5,13,2,0,0,3.06,20
"CEE",4174,"Solid & Haz Waste Mgt",7,5,3,0,0,3.21,15
"CEE",4264,"Sustainable Land Development",22,25,3,0,0,3.42,50
"CEE",4274,"Land Development Design",19,5,0,1,1,3.46,26
"CEE",4314,"Groundwater Resources",7,14,7,0,0,2.96,28
"CEE",4404,"Comp Analysis Struc I",10,23,6,0,1,2.97,40
"CEE",4534,"Earth Pres Fdn Struc",5,11,5,1,1,2.8,23
"CEE",4604,"Traffic Engineering",7,8,2,0,0,3.26,17
"CEE",4614,"Advanced Structural Concretes",21,4,0,0,0,3.86,25
"CEE",4664,"Pavement Design",11,1,0,0,0,3.94,12
"CEE",4684,"Transportation Safety",44,5,1,0,0,3.74,50
"CEE",4804,"Prof & Legal Issues",75,59,10,4,1,3.35,149
"CEE",4984,"SS:Sustainable Infrastructure",9,5,1,0,0,3.47,15
"CEE",5024,"Contr Admin & Claims",14,0,0,0,0,3.94,14
"CEE",5084,"IT for Infrastructure",10,1,0,0,0,3.91,11
"CEE",5094,"CII Best Practices",20,0,0,0,1,3.81,21
"CEE",5104,"Environmental Chemistry",9,8,3,0,0,3.24,20
"CEE",5194,"Environ Engr Micro",12,6,0,0,0,3.68,18
"CEE",5204,"GIS Applications CE",19,4,0,0,0,3.75,23
"CEE",5304,"Environmental Fluid Mechanics",10,2,1,0,0,3.65,13
"CEE",5344,"Surface-Groundwater Interact",9,7,0,0,0,3.53,16
"CEE",5430,"Intermed Design Steel Bldgs",16,20,0,0,0,3.43,36
"CEE",5470,"Design for Seismic Loads",9,4,0,0,0,3.65,13
"CEE",5474,"Intermediate R/C Structures",16,19,0,0,0,3.46,35
"CEE",5514,"Soil Behavior",10,12,0,0,0,3.43,22
"CEE",5524,"Adv Soil Testing",12,8,0,0,0,3.59,20
"CEE",5534,"Foundation Engineering I",14,14,0,0,0,3.49,28
"CEE",5584,"Geotech Earthquake Eng",10,2,0,0,0,3.73,12
"CEE",5594,"Geological Engineering",7,11,2,0,0,3.24,20
"CEE",5600,"Civil Infrastructure Systems",10,7,1,0,1,3.27,19
"CEE",5754,"Pav/Brdg Inf Mgt Sys",13,6,0,0,0,3.7,19
"CEE",5794,"Env Engr Principles",6,7,2,0,0,3.25,15
"CEE",5804,"Engr Ethics and the Public",14,1,0,0,0,3.91,15
"CEE",5984,"SS:Managing Capital Projects",21,5,0,0,0,3.81,26
"CHE",2114,"Mass and Energy Balances",25,33,35,2,0,2.845,95
"CHE",2164,"ChE Thermodynamics",13,17,10,6,2,2.62,48
"CHE",3114,"Fluid Transport",19,37,31,2,6,2.63,95
"CHE",3134,"Separation Processes",22,37,19,4,3,2.88,85
"CHE",4104,"Process Materials",34,47,10,4,0,3.15,95
"CHE",4144,"Bus & Mktg for Proc Industries",33,5,0,0,0,3.77,38
"CHE",4185,"Process and Plant Design",59,29,9,0,1,3.47,98
"CHE",4224,"Intro Polymer Process",9,1,0,0,0,3.84,10
"CHE",4974,"Independent Study",10,0,0,0,0,4,10
"CHE",4994,"Undergraduate Research",23,0,0,0,0,3.97,23
"CHE",5044,"Engineering Mathematics",10,2,0,0,0,3.71,12
"CHE",5094,"And Chem Engr Kinet",5,5,0,0,0,3.56,10
"CHE",5125,"Transport Phenomena",13,2,0,0,0,3.77,15
"CHE",5144,"Advanced Thermodynamics",6,4,0,0,0,3.66,10
"CHEM",1015,"Introduction to Chemistry",198,17,6,4,4,3.75,229
"CHEM",1025,"Intro Chem Lab",23,4,1,2,0,3.505,30
"CHEM",1035,"General Chemistry",411,885,679,202,85,2.57888888888889,2262
"CHEM",1036,"General Chemistry",22,46,40,24,25,2.1,157
"CHEM",1045,"General Chemistry Lab",1136,1026,125,5,31,3.40980952380952,2323
"CHEM",1055,"General Chemistry for Majors",9,14,12,4,2,2.65333333333333,41
"CHEM",1055,"Honors General Chem for Majors",11,3,1,0,0,3.63,15
"CHEM",1065,"Gen Chemistry Lab for Majors",36,29,4,1,0,3.4475,70
"CHEM",2114,"Analytical Chemistry",18,32,23,7,6,2.58,86
"CHEM",2124,"Analytical Chem Lab",81,19,2,0,2,3.718,104
"CHEM",2154,"Majors Analytical Chemistry",15,18,15,10,3,2.48,61
"CHEM",2164,"Majors Analytical Lab",20,21,10,4,2,2.9,57
"CHEM",2514,"Survey of Organic Chemistry",50,71,35,10,1,2.96,167
"CHEM",2535,"Organic Chemistry",175,277,262,69,20,2.6375,803
"CHEM",2545,"Organic Chemistry Laboratory",184,407,164,21,22,2.89,798
"CHEM",2556,"Org Syn-Tech Lab",8,7,7,0,0,3.065,22
"CHEM",2565,"Principles Org Chem",21,20,12,4,5,2.74,62
"CHEM",2984,"SS:CHEM First Year Experience",53,10,0,3,3,3.54,69
"CHEM",2984,"SS:Chem Problem Solving Skills",5,16,13,2,0,2.675,36
"CHEM",3615,"Physical Chemistry",14,24,14,3,4,2.73,59
"CHEM",3625,"Physical Chemistry Laboratory",8,6,0,0,0,3.59,14
"CHEM",3626,"Physical Chemistry Laboratory",6,12,2,0,0,3.26,20
"CHEM",4014,"Survey of Chemical Literature",16,11,4,0,2,3.21,33
"CHEM",4404,"Physical Inorganic Chemistry",13,4,1,0,0,3.62,18
"CHEM",4534,"Organic Chemistry of Polymers",4,7,6,0,0,2.86,17
"CHEM",4615,"Phys Chem Life Sci",40,51,46,15,19,2.375,171
"CHEM",4984,"SS:Bioorganic Chemistry",4,4,2,0,0,3.26,10
"CHEM",4994,"Undergraduate Research",10,0,0,0,0,4,10
"CHEM",5404,"Advanced Inorganic Chemistry",13,1,0,0,0,3.95,14
"CHEM",5505,"Advanced Organic Chemistry",3,11,1,0,0,3.17,15
"CHEM",5524,"Molecular Structure Detn",13,13,0,0,0,3.55,26
"CHEM",5704,"Syn Reac Macromol",6,9,0,0,0,3.42,15
"CHEM",6664,"TS:Polymer Morphology",3,13,1,0,0,3.21,17
"CHN",1105,"Elementary Chinese",31,11,1,0,1,3.51,44
"CHN",2105,"Intermediate Chinese",12,8,0,0,0,3.66,20
"CHN",3105,"Advanced Chinese",10,0,0,0,0,3.94,10
"CINE",2054,"Introduction to Cinema",46,135,60,18,6,2.69,265
"CINE",3514,"TS:Amer Cine Genres:The Westrn",7,11,1,1,0,3.11,20
"CINE",3544,"Literature and Cinema",4,4,2,0,0,3.02,10
"CINE",4144,"TS:Documenting the Sixties",7,5,0,0,0,3.53,12
"CLA",1134,"Ancient Mediterranean World",37,12,5,2,1,3.35,57
"CLA",2444,"Greek and Roman Myth",95,54,23,3,5,3.28,180
"CMDA",2005,"Integrated Quantitative Sci",8,1,4,0,3,2.67,16
"CMDA",3605,"Math Modeling: Methods & Tools",11,3,6,0,4,2.71,24
"CMDA",3654,"Intro Data Analytics & Visual",4,4,2,2,1,2.68,13
"CMDA",4604,"Int Topics in Math Modeling",2,3,2,2,1,2.27,10
"CNST",2104,"Intro to Construction Eng Mgt",32,8,2,2,0,3.53,44
"CNST",5114,"Leadership Arch/Engineer/Const",21,3,0,0,0,3.85,24
"COMM",1004,"First-Semester Experience COMM",197,13,2,3,2,3.81,217
"COMM",1014,"Intro to Comm Studies",31,68,41,6,4,2.76,150
"COMM",1015,"Communication Skills",220,350,32,3,1,3.28074074074074,606
"COMM",1114,"Intro to Media Production Tech",10,8,3,1,0,3.17,22
"COMM",2004,"Public Speaking",577,288,27,3,6,3.5008,901
"COMM",2024,"Media Writing",28,58,6,1,0,3.1925,93
"COMM",2034,"Visual Media",78,30,3,1,1,3.614,113
"COMM",2044,"Principles of Public Relations",40,57,4,0,1,3.29,102
"COMM",2064,"The Rhetorical Tradition",12,26,21,3,3,2.57,65
"COMM",2084,"Media Institutions",13,39,24,2,1,2.76,79
"COMM",2104,"Oral Traditions and Culture",9,0,0,0,1,3.6,10
"COMM",2124,"Intro Comm Research",22,65,22,5,1,2.895,115
"COMM",3034,"Theories of Popular Culture",8,3,0,0,0,3.62,11
"COMM",3064,"Persuasion",1,22,11,3,3,2.39,40
"COMM",3124,"Interpersonal Communication",15,31,7,0,0,3.11,53
"COMM",3144,"Writing and Editing for PR",11,35,3,0,0,3.19,49
"COMM",3154,"Multimedia Reporting",8,11,10,5,1,2.525,35
"COMM",3174,"Advanced Multimedia Reporting",7,15,2,0,0,3.23,24
"COMM",3204,"Multicultural Communication",28,13,5,1,1,3.19333333333333,48
"COMM",3304,"Topics in Sports Communication",19,3,0,0,0,3.8,22
"COMM",4024,"Communication Law",63,34,25,7,0,3.085,129
"COMM",4044,"International Communication",23,0,0,0,0,3.9,23
"COMM",4054,"Public Relations Case Studies",31,36,3,0,0,3.33,70
"COMM",4074,"Organizational Communication",13,11,1,1,0,3.37,26
"COMM",4114,"Photojournalism",11,7,1,0,0,3.56,19
"COMM",4144,"Magazine Writing",14,8,1,0,0,3.57,23
"COMM",4154,"Digital Newsroom",13,5,2,2,0,3.25,22
"COMM",4264,"Social Media Theory & Practice",22,7,0,0,0,3.74,29
"COMM",4304,"Public Relations Campaigns",18,22,0,0,0,3.38,40
"COMM",4334,"Communication Ethics",5,13,3,1,0,2.96,22
"COMM",4404,"Communication Capstone",11,25,7,1,0,2.93,44
"COMM",5014,"Communication Theory",9,1,0,0,0,3.75,10
"COMM",5024,"Communication Research Methods",7,3,0,0,0,3.73,10
"COMM",5634,"Social Movement Campaigns",11,2,0,0,0,3.8,13
"COS",1015,"Successful Starts in Science",61,45,16,8,4,3.09,134
"COS",2984,"SS:CurVinci Leadership Seminar",39,6,1,2,0,3.71,48
"CS",1044,"Intro Prog in C",74,162,52,17,15,2.77,320
"CS",1054,"Intro to Programming in Java",69,92,19,1,2,3.20666666666667,183
"CS",1064,"Intro to Programming in Python",64,30,8,4,2,3.38,108
"CS",1114,"Intro to Software Design",56,105,68,34,17,2.48090909090909,280
"CS",1604,"Introduction to the Internet",43,13,7,1,1,3.42,65
"CS",2104,"Intro to Problem Solving in CS",54,66,18,3,3,3.12666666666667,144
"CS",2114,"Softw Des & Data Structures",48,120,83,9,7,2.70111111111111,267
"CS",2304,"Self Study Prog Sys",7,2,0,0,1,3.43,10
"CS",2505,"Intro Computer Organization",66,64,18,5,6,3.1,159
"CS",2506,"Intro to Computer Organization",21,43,49,3,5,2.595,121
"CS",2974,"Independent Study",59,5,0,0,0,3.96666666666667,64
"CS",2984,"SS:Intro to Comp Thinking",12,19,0,0,0,3.37,31
"CS",3114,"Data Structures and Algorithms",22,76,41,7,7,2.645,153
"CS",3214,"Computer Systems",25,38,52,5,4,2.58,124
"CS",3304,"Comparative Languages",57,23,12,5,2,3.27,99
"CS",3414,"Numerical Methods",13,16,9,7,1,2.72,46
"CS",3604,"Professionalism in Computing",61,25,6,1,0,3.535,93
"CS",3704,"Intermed Software Des",18,42,14,2,0,2.905,76
"CS",3714,"Mobile Software Development",32,20,5,1,0,3.41,58
"CS",3724,"Human-Computr Intrctn",48,8,3,0,0,3.75,59
"CS",3744,"Intro GUI Programming/Graphics",23,17,6,4,6,2.81,56
"CS",3824,"Intro Comp Bio Bioinformatics",6,6,0,1,1,2.99,14
"CS",4104,"Data and Algorithm Analysis",13,30,32,6,0,2.65,81
"CS",4124,"Theory of Computation",8,14,5,5,1,2.64,33
"CS",4234,"Parallel Computation",8,10,4,0,0,3.24,22
"CS",4264,"Principles Computer Security",26,23,9,0,0,3.24,58
"CS",4284,"Systems & Networking Capstone",13,0,0,0,0,4,13
"CS",4634,"Design Of Information",8,13,6,0,0,3.07,27
"CS",4704,"Software Engineering Capstone",11,0,0,0,0,4,11
"CS",4784,"Human-Computer Interact Capstn",21,0,0,0,1,3.7,22
"CS",4974,"Independent Study",80,8,0,0,0,3.91,88
"CS",4994,"Undergraduate Research",112,0,0,0,0,3.96,112
"CS",5014,"Research Meth in CS",19,3,0,0,0,3.8,22
"CS",5044,"Object-Oriented Pgmming Java",13,8,2,0,0,3.44,23
"CS",5045,"Computation for Life Sciences",10,0,0,0,0,3.85,10
"CS",5204,"Operating Systems",8,5,0,0,0,3.57,13
"CS",5304,"Trans Design and Con",8,4,0,0,0,3.62,12
"CS",5485,"Numer Analy and Softw",10,0,0,0,0,3.82,10
"CS",5510,"Multiprocessor Programming",9,3,0,0,0,3.8,12
"CS",5525,"Data Analytics",11,0,0,0,0,4,11
"CS",5565,"Network Arch and Protocols",12,0,0,0,0,3.8,12
"CS",5704,"Software Engineering",33,15,2,1,1,3.475,52
"CS",5714,"Usability Engineering",12,1,1,0,0,3.7,14
"CS",5724,"Models of HCI",14,3,0,0,0,3.74,17
"CS",5764,"Information Visualization",18,9,0,0,0,3.67,27
"CS",5824,"Advanced Machine Learning",18,3,0,0,0,3.81,21
"CS",5984,"SS:Natural Language Processing",7,4,0,0,0,3.58,11
"CS",6104,"TS:Randomized Algorithms",13,1,0,0,0,3.86,14
"CS",6304,"TS:Program Analysis & Applic",5,6,0,0,0,3.48,11
"CS",6604,"Adv TS: Spatial Data Managemt",8,7,0,0,0,3.57,15
"CS",6604,"TS:Data Mining Large Networks",13,0,0,0,0,3.95,13
"CSES",2444,"Agronomic Crops",20,20,6,0,0,3.29,46
"CSES",2564,"Turfgrass Management",4,9,1,0,0,3.11,14
"CSES",3114,"Soils",16,47,18,7,0,2.79,88
"CSES",3124,"Soils Laboratory",37,19,4,0,0,3.542,60
"CSES",3634,"Physics of Pollution",5,12,1,0,2,2.9,20
"CSES",4214,"Soil Fertility and Management",6,17,9,1,0,2.83,33
"CSES",4764,"Bioremediation",9,7,5,0,0,3.19,21
"CSES",4854,"Wetlands Soils and Mitigation",24,13,0,1,0,3.51,38
"CSES",4864,"Capstone: Crop & Soil Sciences",13,5,0,0,0,3.74,18
"DASC",2984,"SS:Dairy Cattle Handling 101",10,0,0,0,0,3.97,10
"DASC",3274,"Applied Dairy Cattle Nutrition",7,5,1,0,0,3.46,13
"DASC",3474,"Dairy Information Systems",5,12,1,0,0,3.26,18
"DASC",4984,"SS:Dairy Entrepreneurship",12,11,1,0,0,3.45,24
"DASC",4984,"SS:Translating Dairy Science",11,0,0,0,0,3.92,11
"ECE",1574,"Engr Problem Solving with C++",131,32,12,4,0,3.62333333333333,179
"ECE",2004,"Electric Circuit Analysis",33,62,53,11,13,2.485,172
"ECE",2014,"Engr Professionalism ECE",19,106,65,7,3,2.605,200
"ECE",2054,"Applied Electrical Theory",96,38,12,0,1,3.51,147
"ECE",2074,"Electic Circuit Analysis Lab",117,34,29,13,18,3.01,211
"ECE",2204,"Electronics",59,78,34,9,3,2.975,183
"ECE",2274,"Elctrnc Netwks Lab I",94,44,7,0,0,3.58,145
"ECE",2500,"Computer Org & Architecture",14,18,9,8,5,2.49,54
"ECE",2504,"Intro Computer Engr",50,70,74,18,25,2.42,237
"ECE",2524,"Intro to Unix for Engineers",50,20,5,1,4,3.34,80
"ECE",2534,"Microcontroller Interfacing",29,34,29,17,24,2.1525,133
"ECE",2574,"Data Structures and Algorithms",35,30,28,2,9,2.765,104
"ECE",2704,"Signals and Systems",31,40,44,12,12,2.32,139
"ECE",3004,"AC Circuit Analysis",26,38,31,4,5,2.69,104
"ECE",3054,"Electrical Theory",36,62,48,20,8,2.555,174
"ECE",3074,"AC Circuit Analysis Laboratory",59,27,15,5,3,3.2,109
"ECE",3105,"Electromagnetic Fields",27,37,32,11,8,2.61,115
"ECE",3106,"Electromagnetic Fields",8,21,16,7,4,2.31,56
"ECE",3204,"Analog Electronics",15,27,8,3,0,2.97,53
"ECE",3254,"Industrial Electronics",101,120,40,10,3,3.12,274
"ECE",3274,"Elctrnc Circuits Lab II",26,17,0,0,1,3.53666666666667,44
"ECE",3304,"Introduction to Power Systems",8,20,27,13,1,2.3,69
"ECE",3354,"Power Laboratory",32,20,7,1,1,3.3,61
"ECE",3544,"Digital Design I",24,41,12,8,11,2.48,96
"ECE",3574,"Applied Software Design",20,16,3,2,10,2.63,51
"ECE",3614,"Intro Comm Systems",11,13,9,0,0,3.08,33
"ECE",3704,"Cont and Disc Systems",24,19,16,6,6,2.52,71
"ECE",4104,"Microwave and RF Engineering",1,7,1,2,1,2.52,12
"ECE",4205,"Electronic Circuit Design",9,14,3,1,1,3,28
"ECE",4220,"Analog IC Design",10,12,0,0,0,3.48,22
"ECE",4224,"Power Electronics",8,15,2,0,0,3.28,25
"ECE",4304,"Design in Power Engineering",17,2,0,0,0,3.86,19
"ECE",4334,"Pwr Syst Ana & Cntrl",6,5,6,0,1,2.83,18
"ECE",4405,"Control Systems",26,16,4,1,0,3.43,47
"ECE",4500,"Fundamentals Computer Sys",37,3,0,0,1,3.75,41
"ECE",4504,"Computer Organization",8,4,2,0,1,3.1,15
"ECE",4514,"Digital Design II",3,5,1,1,1,2.7,11
"ECE",4530,"Hardware-Software Codesign",24,15,3,0,0,3.54,42
"ECE",4534,"Embedded System Design",41,14,4,0,0,3.61,59
"ECE",4540,"VLSI Circuit Design",11,9,2,0,2,3.08,24
"ECE",4564,"Network Application Design",63,15,1,0,0,3.69,79
"ECE",4634,"Digital Communications",9,11,3,0,0,3.25,23
"ECE",4974,"Independent Study",11,0,0,0,0,4,11
"ECE",4984,"SS:Intro to Computer Vision",5,3,1,0,1,3.1,10
"ECE",4984,"SS:Network Science",4,9,3,1,0,2.89,17
"ECE",4984,"SS:Video Game Design",6,9,6,4,0,2.69,25
"ECE",5104,"ADV Microwave & RF Engineering",7,4,1,0,0,3.58,12
"ECE",5105,"Electromagnetic Waves",12,11,0,0,0,3.52,23
"ECE",5194,"Remote Sensing Prin & Tech",19,0,0,0,0,4,19
"ECE",5210,"MEMS Fab and Application",6,6,1,0,0,3.32,13
"ECE",5254,"Power Conv Mod & Cont",17,4,0,0,0,3.78,21
"ECE",5314,"Pwr Sys Oper and Ctrl",7,6,0,0,0,3.58,13
"ECE",5424,"Advanced Machine Learning",22,2,0,0,0,3.825,24
"ECE",5504,"Computer Architecture",9,10,0,0,0,3.54,19
"ECE",5505,"Testing & Verif Digit Systems",9,11,0,0,0,3.33,20
"ECE",5510,"Multiprocessor Programming",14,7,0,0,0,3.75,21
"ECE",5554,"Computer Vision",55,5,0,0,0,3.89,60
"ECE",5560,"Fundamentals of Info Security",11,7,1,0,0,3.57,19
"ECE",5565,"Network Arch and Protocols",35,1,0,0,0,3.84,36
"ECE",5585,"IT Security and Trust",36,11,0,0,0,3.77,47
"ECE",5605,"Stochastic Signals and Systems",19,14,11,1,0,3.13,45
"ECE",5635,"Radar Systems Design",9,5,0,0,0,3.49,14
"ECE",5674,"Software Radios",16,4,0,0,0,3.7,20
"ECE",5754,"Applied Linear Systems",20,2,0,0,0,3.91,22
"ECE",5914,"Autonomous Systems Seminar",11,0,0,0,0,4,11
"ECE",5984,"SS:Cyber-Physical Systems",12,2,0,0,0,3.71,14
"ECE",5984,"SS:Networks & Protocols",14,13,1,0,0,3.5,28
"ECE",6304,"Advanced Topics in Power",5,6,0,0,0,3.51,11
"ECE",6504,"TS: Robotics",10,5,0,0,0,3.71,15
"ECE",6504,"TS:Deep Learning for Perceptio",21,4,0,0,0,3.82,25
"ECE",6634,"Multi-Channel Communications",17,5,1,0,0,3.64,23
"ECON",2005,"Principles of Economics",215,380,268,105,37,2.705,1005
"ECON",2006,"Principles of Economics",102,248,164,48,11,2.7125,573
"ECON",2894,"Intro Philosophy Politics Econ",8,3,0,0,0,3.67,11
"ECON",3004,"TS:Economics of Regulation",18,35,7,1,0,3.215,61
"ECON",3104,"Microeconomic Theory",39,19,7,3,3,3.2,71
"ECON",3204,"Macroeconomic Theory",10,30,11,0,1,2.85,52
"ECON",3214,"Money and Banking",12,26,7,0,2,3.02,47
"ECON",3254,"Analysis of Economic Data",7,16,6,0,0,3.04,29
"ECON",4014,"Environmental Economics",63,45,10,0,0,3.43,118
"ECON",4044,"Public Economics",5,6,0,0,1,3.14,12
"ECON",4074,"Labor Economics",4,7,7,3,0,2.56,21
"ECON",4084,"Industry Structure",0,9,4,0,0,2.65,13
"ECON",4124,"Growth and Development",3,7,3,1,2,2.48,16
"ECON",4304,"Econometric Methods",5,6,1,0,0,3.26,12
"ECON",4424,"Theo Games  Econ Beh",4,4,5,1,0,2.87,14
"ECON",5005,"Prices and Markets",7,5,0,0,1,3.28,13
"ECON",5016,"Money and Price Level",5,7,0,0,0,3.47,12
"ECON",5124,"Mathematical Econ",5,6,0,0,1,3.14,12
"ECON",5125,"Empirical Economics",6,3,0,0,1,3.21,10
"ECON",5946,"Econometric Theory & Practice",6,4,0,0,0,3.66,10
"EDCI",3004,"EDCI Internship",52,0,0,0,0,4,52
"EDCI",3024,"Issues in American Schooling",18,1,0,0,0,3.9,19
"EDCI",3144,"Educ Excptnl Learners",21,0,3,0,1,3.62,25
"EDCI",5104,"Schooling in American Society",15,0,0,0,0,4,15
"EDCI",5224,"Adv C&I El/Mid Soc St",19,0,0,0,0,4,19
"EDCI",5244,"Adv C&I Elem/Mid Sci",11,0,0,0,0,3.92,11
"EDCI",5264,"Comp and Cont Rdg",12,0,0,0,0,4,12
"EDCI",5364,"Technology in Science Clsrm",12,0,0,0,0,4,12
"EDCI",5424,"Content Literacy Inst (GR 3-6)",18,1,0,0,0,3.95,19
"EDCI",5524,"Behavior Mgt K-12 Classrooms",11,0,0,0,0,4,11
"EDCI",5554,"Educ Except Learners",41,0,0,0,0,3.985,41
"EDCI",5724,"Tchg in Mid & Sec Schls I",43,0,0,0,0,3.99333333333333,43
"EDCI",5774,"PR:Readings in Technology Educ",16,0,0,0,0,4,16
"EDCI",5784,"GS:Adv C&I Mid Math Gr. 4-8",31,2,0,0,0,3.95,33
"EDCI",5784,"GS:Critical Race Theory",9,1,0,0,0,3.9,10
"EDCI",5784,"GS:Tchg & Inquiry/Digital Huma",11,0,0,0,0,4,11
"EDCI",5814,"STEM Education Pedagogy",9,1,0,0,0,3.84,10
"EDCI",5914,"Multicultural Teaching ESL",25,1,0,0,0,3.95,26
"EDCO",5214,"Theory Cnslg & Consul",12,0,0,0,0,3.93,12
"EDCO",5224,"Counseling Techniques",12,0,0,0,0,3.93,12
"EDCO",5234,"Group Counseling",10,0,0,0,0,4,10
"EDCO",5244,"Counseling Diverse Populations",12,0,0,0,0,3.98,12
"EDEL",5024,"School Law",22,3,0,0,0,3.815,25
"EDEL",5104,"Fnd Education P-12 Leadership",22,0,0,0,0,4,22
"EDEL",5114,"Leader and Change in P-12 Educ",37,0,0,0,0,3.95,37
"EDEL",5164,"Research, Assess K-12 Leaders",10,1,0,0,0,3.91,11
"EDEL",6044,"Gov and Pol in Educ",16,0,0,0,0,3.98,16
"EDEL",6104,"Lit Rev in K-12 Ed Leadership",15,1,0,0,0,3.88,16
"EDEL",6124,"Advanced K-12 School Law",27,0,0,0,0,3.935,27
"EDEL",6914,"PR: Qualitative Field Studies",9,2,0,0,0,3.82,11
"EDEP",5114,"Learning and Cognition",9,2,1,0,0,3.49,12
"EDEP",5154,"Psych Foundations for Teachers",18,13,2,0,0,3.42,33
"EDEP",5184,"Sociocultural Learning & Instr",9,1,0,0,0,3.9,10
"EDEP",5194,"Res Assess Student Achievement",12,1,0,0,0,3.9,13
"EDHE",5105,"Assessment in H Ed Admin",10,3,0,0,0,3.72,13
"EDHE",5304,"Intro to Student Affairs Prof",8,5,1,0,0,3.44,14
"EDHE",5314,"College Student Devel Theory",16,0,0,0,0,3.78,16
"EDHE",5604,"GS:Inclusive Pract Higher Ed",14,2,0,0,0,3.76,16
"EDHE",6064,"Higher Educ in US",11,2,0,0,0,3.8,13
"EDHE",6274,"Higher Education Law",12,9,0,0,0,3.56,21
"EDIT",5154,"Theoretical Foundations of TEL",24,5,1,0,0,3.775,30
"EDIT",5274,"Foundations Inst Design Tech",28,1,1,0,0,3.9,30
"EDIT",5564,"TS: Fundamentals of Tech Tools",12,0,0,0,0,3.95,12
"EDRE",5404,"Found of Ed Res Eval",13,4,0,0,1,3.57,18
"EDRE",6504,"Qualitative Res I",19,6,0,0,0,3.705,25
"EDRE",6524,"Qual Res II",11,3,0,0,0,3.79,14
"EDRE",6605,"Quan Res Methods in Educ I",42,23,1,0,0,3.575,66
"EDRE",6634,"Adv Stat for Educ",8,5,4,0,0,3.29,17
"EDRE",6684,"Instrument Development",16,0,0,0,0,4,16
"EDRE",6694,"Hierarchical Linear Modeling",15,0,0,0,0,3.86,15
"EDRE",6704,"Eval Meth in Ed",10,0,0,0,0,4,10
"EDRE",6744,"Mxd Method Research Dsgn",14,1,1,0,0,3.78,16
"ENGE",1215,"Foundations of Engineering",266,1114,288,22,7,2.93525423728814,1697
"ENGE",1216,"Foundations of Engineering",45,166,60,8,1,2.85090909090909,280
"ENGE",1354,"Intro to Spatial Visualization",47,31,15,0,2,3.265,95
"ENGE",5014,"Found Engineering Education",13,3,0,0,1,3.59,17
"ENGE",5604,"Engr Education Rsrch Mthds",7,7,0,0,0,3.5,14
"ENGL",1004,"Intro to English Studies",31,4,0,0,0,3.84,35
"ENGL",1105,"First-Year Writing",1148,529,91,20,21,3.47434782608696,1809
"ENGL",1106,"First-Year Writing",427,182,31,2,15,3.47428571428571,657
"ENGL",1204,"Honors Freshman English",287,112,11,1,1,3.61190476190476,412
"ENGL",1614,"Introduction to Short Fiction",178,74,16,10,6,3.3975,284
"ENGL",1624,"Intro to Detective Fiction",34,16,4,1,1,3.41,56
"ENGL",1634,"Introduction to Shakespeare",40,110,36,8,5,2.83666666666667,199
"ENGL",1644,"Intro to World Literature",111,3,0,0,0,3.965,114
"ENGL",1654,"Intro to Science Fiction",101,32,1,0,2,3.665,136
"ENGL",2444,"Greek and Roman Myth",24,17,8,1,2,3.15,52
"ENGL",2534,"American Literary History",27,13,4,1,1,3.445,46
"ENGL",2544,"British Literary History",27,8,11,2,3,3.03,51
"ENGL",2604,"Intro to Critical Reading",45,18,3,0,2,3.51,68
"ENGL",2744,"Intro Creative Writ",224,44,10,2,1,3.72071428571429,281
"ENGL",2984,"SS:Language and Ethnicity",15,0,0,1,0,3.66,16
"ENGL",2984,"SS:Legends of Camelot",18,4,0,0,0,3.75,22
"ENGL",2984,"SS:What is Health?",9,4,2,0,0,3.49,15
"ENGL",3104,"Professional Writing",23,13,2,0,2,3.27,40
"ENGL",3154,"Literature, Medicine & Culture",31,2,0,0,0,3.88,33
"ENGL",3234,"Romantic Literature",4,6,1,0,0,3.19,11
"ENGL",3274,"Modernist American Literature",22,4,1,0,1,3.59,28
"ENGL",3315,"Playwriting",12,5,0,0,1,3.58,18
"ENGL",3524,"Literature for Children",30,26,2,0,1,3.375,59
"ENGL",3534,"Literature and Ecology",13,15,5,0,1,3.18,34
"ENGL",3544,"Literature and Cinema",7,7,2,1,0,3.21,17
"ENGL",3704,"Creative Writing: Fiction",26,5,1,0,3,3.4,35
"ENGL",3714,"Creative Writing: Poetry",31,9,1,0,0,3.725,41
"ENGL",3724,"Creative Non-Fiction",10,3,3,1,0,3.26,17
"ENGL",3744,"Writing Cntr Theory & Practice",15,1,0,0,0,3.9,16
"ENGL",3764,"Technical Writing",373,126,26,4,1,3.58192307692308,530
"ENGL",3774,"Business Writing",52,23,1,0,2,3.525,78
"ENGL",3804,"Technical Editing and Style",7,18,4,0,1,2.99,30
"ENGL",3824,"Designing Documents for Print",25,1,0,0,0,3.89,26
"ENGL",3834,"Intercultural Prof Writing",15,6,0,0,0,3.67,21
"ENGL",3844,"Writing and Digital Media",45,14,3,0,1,3.59666666666667,63
"ENGL",4044,"Language and Society",19,9,2,1,1,3.35,32
"ENGL",4065,"Contemporary Linguistics",23,9,1,2,2,3.26,37
"ENGL",4084,"Topics in Linguistics",6,8,2,0,0,3.25,16
"ENGL",4165,"Shakespeare",37,19,2,0,0,3.565,58
"ENGL",4504,"Modern Poetry",20,6,0,0,0,3.69,26
"ENGL",4624,"British Author After 1800",8,16,0,0,0,3.35,24
"ENGL",4664,"Contemporary Fiction",18,6,1,0,0,3.68,25
"ENGL",4704,"Advanced Fiction",13,2,1,0,0,3.79,16
"ENGL",4724,"Fiction for Young People",22,0,0,0,0,3.88,22
"ENGL",4784,"Senior Seminar",14,3,0,0,0,3.79,17
"ENGL",4814,"Developing Online Content",16,5,0,0,0,3.76,21
"ENGL",4874,"Issues Prof & Public Discourse",14,1,0,0,0,3.95,15
"ENGL",5004,"Theory & Pract Univ Writ Inst",16,4,0,0,0,3.82,20
"ENGL",5014,"Literary Research",7,6,0,0,0,3.54,13
"ENGL",5024,"Critical Theory",12,2,0,0,0,3.84,14
"ENGL",5054,"Composition Theory",9,2,0,0,0,3.79,11
"ENGL",5744,"Form and Theory of Poetry",15,1,0,0,0,3.88,16
"ENGL",5774,"Editing a Literary Journal",10,0,0,0,0,4,10
"ENGL",6704,"Fiction Workshop",11,0,0,0,0,4,11
"ENGL",6714,"Poetry Workshop",10,0,0,0,0,4,10
"ENGR",1814,"Energy, Resrce & Envr",43,18,1,1,1,3.52,64
"ENGR",2044,"Second Year Hypatia Seminar",10,0,0,0,0,4,10
"ENGR",3124,"Green Engineering",72,60,4,3,0,3.38,139
"ENGR",5004,"Syst Engr Process",11,1,0,0,0,3.89,12
"ENSC",3114,"Soils",1,7,6,1,0,2.53,15
"ENSC",3604,"Fund Environ Science",22,30,35,3,0,2.8,90
"ENSC",3634,"Physics of Pollution",7,7,4,0,0,3.12,18
"ENSC",4764,"Bioremediation",6,2,2,1,0,3.13,11
"ENT",2004,"Insects and Human Society",57,39,7,0,1,3.45,104
"ENT",3014,"Insect Biology",8,6,1,0,0,3.45,15
"ENT",5114,"Insect Structure and Function",12,2,0,0,0,3.71,14
"ESM",2014,"Professnl Dvlpmnt Seminar ESM",64,19,1,0,2,3.65,86
"ESM",2104,"Statics",134,171,229,64,32,2.48166666666667,630
"ESM",2204,"Mechanics of Deformable Bodies",40,89,80,10,8,2.5725,227
"ESM",2214,"Statics & Mech Matls",47,39,9,1,0,3.36,96
"ESM",2304,"Dynamics",19,18,40,20,13,2.075,110
"ESM",3024,"Intro Fluid Mechs",32,45,24,5,0,2.93666666666667,106
"ESM",3034,"Fluid Mechanics Laboratory",33,21,10,3,2,3.206,69
"ESM",3054,"Mech Behavior of Materials",22,23,5,1,3,3.11,54
"ESM",3064,"Mech Behavior Matls Lab",26,3,2,0,3,3.42,34
"ESM",3124,"Dyn II Analytical & 3-D Motion",11,23,25,12,1,2.33,72
"ESM",3234,"Fluid Mech I-Control Volumes",20,28,21,4,2,2.78,75
"ESM",3704,"Basic Principles of Structures",12,17,26,32,24,1.65,111
"ESM",4015,"Creative Design I, II",33,10,0,0,0,3.75,43
"ESM",4044,"Mechanics Composite Materials",5,6,1,2,0,2.91,14
"ESM",4204,"Musculoskeletal Biomechanics",6,5,1,0,0,3.29,12
"ESM",4245,"Mechanics of Animal Locomotion",1,7,2,2,0,2.56,12
"ESM",4734,"Intro Finite Elements",10,9,12,13,2,2.24,46
"ESM",5014,"Intro Continuum Mech",23,2,0,0,0,3.94,25
"ESM",5314,"Intermediate Dynamics",12,7,5,0,0,3.23,24
"ESM",5734,"Intro Finite Elements",6,4,0,0,0,3.6,10
"ESM",6714,"Applied Tensor Analysis",12,0,0,0,0,4,12
"FIN",2984,"SS:Pers Invest&Fin Decisions",53,22,1,2,0,3.51666666666667,78
"FIN",3054,"Legal & Ethical Env Bus",137,266,142,30,6,2.79857142857143,581
"FIN",3104,"Introduction to Finance",217,321,135,44,4,3.06,721
"FIN",3134,"Financial Analytics",46,111,117,16,9,2.5525,299
"FIN",3144,"Investments: Debt-Equity-Deriv",34,51,25,4,0,3.02,114
"FIN",3154,"Corporate Finance",17,53,43,0,1,2.7025,114
"FIN",3204,"Risk and Insurance",9,64,18,2,1,2.825,94
"FIN",4144,"Int Fin Mgt",45,37,24,6,0,3.04666666666667,112
"FIN",4154,"Real Estate Finance",34,32,0,0,0,3.555,66
"FIN",4224,"Fixed Income Securities",9,12,8,0,0,3.06,29
"FIN",4234,"Venture Cap & Inv Banking",11,26,12,0,0,2.975,49
"FIN",4244,"Asset Valuation & Governance",2,10,2,0,1,2.86,15
"FIN",4264,"Managing Risk with Derivatives",10,7,9,4,0,2.7,30
"FIN",4274,"Equity Securities",39,39,14,2,0,3.24666666666667,94
"FIN",4984,"SS:Financial Modeling in Excel",5,17,1,0,0,3.19,23
"FIN",5024,"Principles of Finance",6,6,0,0,0,3.58,12
"FIN",5084,"Analytical Frame Bus Mgrs",13,15,0,0,0,3.45,28
"FIN",5194,"Commerical Law",17,35,1,0,0,3.28,53
"FIN",5604,"Financial & Econ Environment",5,7,1,0,0,3.35,13
"FIN",5614,"Fin Modeling & Corporate Fin",5,17,0,0,0,3.27,22
"FIN",5674,"Investments and Portfolio Mgmt",19,11,2,0,0,3.48,32
"FIW",2114,"Prin Fish and Wildl",35,73,16,3,2,3.06,129
"FIW",3414,"Disease Ecology&Ecosystem Mgt",9,16,3,0,0,3.15,28
"FIW",3514,"Fisheries Techniques",4,8,2,0,0,3.08,14
"FIW",4414,"Pop Dynamics & Estimation",16,24,7,1,0,3.1,48
"FIW",4464,"Human Dimensions F&W",20,36,3,0,0,3.26,59
"FIW",4534,"Ecol & Mgmt of Wetland Systems",2,14,1,0,0,3.02,17
"FIW",5314,"Vertebrate Pop Ecology & Mgnt",11,0,0,0,0,3.97,11
"FIW",5414,"Endangered Species Management",11,0,0,0,0,4,11
"FOR",2214,"Intr Land & Field Measurements",7,26,21,5,6,2.32666666666667,65
"FOR",2314,"Forest Biology and Dendrology",8,21,24,5,7,2.26,65
"FOR",2324,"Dendrology Laboratory",17,27,17,7,0,2.8,68
"FOR",2554,"Nature and American Values",97,20,2,3,0,3.74,122
"FOR",2784,"Global Forest Sustainability",10,21,4,1,0,3.12,36
"FOR",2984,"SS:Watersheds & Water Quality",12,7,0,0,0,3.57,19
"FOR",3314,"Forest Ecology and Silvics",16,44,7,1,0,3.06,68
"FOR",3354,"Urban Forestry Arboriculture",4,12,0,0,0,3.19,16
"FOR",3564,"Outdoor Recreation Planning",22,2,1,0,0,3.82,25
"FOR",3574,"Enviro Education Service Learn",4,6,1,0,0,3.25,11
"FOR",3714,"Forest Harvesting",1,7,3,1,1,2.32,13
"FOR",4014,"Natural Resources Economics",14,18,6,0,0,3.28,38
"FOR",4214,"Forest Photogrammetry",20,26,3,2,0,3.25,51
"FOR",4354,"Forest Soil and Watershed Mgnt",5,17,8,0,0,2.84,30
"FOR",4374,"Forested Wetlands",4,17,1,0,2,2.84,24
"FOR",4424,"Forest Resources Econ and Mgmt",9,13,2,0,0,3.38,24
"FOR",4514,"Forest and Tree Pests",3,10,4,0,0,2.78,17
"FOR",5264,"GIS in Natl Res Mgmt",17,2,0,0,0,3.88,19
"FR",1105,"Elementary French",37,9,4,5,0,3.33666666666667,55
"FR",2105,"Intermediate French",11,11,3,0,0,3.315,25
"FR",3105,"Gram/Comp/Con",39,23,3,0,0,3.54666666666667,65
"FR",3205,"French Culture & Civ",10,10,0,0,0,3.5,20
"FR",3314,"Intro to Francophone Studies",16,6,1,0,0,3.59,23
"FST",2014,"Introduction to Food Science",24,25,6,0,1,3.27,56
"FST",2544,"Functional Foods for Health",4,10,4,0,0,3.03,18
"FST",3124,"Brewing Science and Technology",376,17,1,0,0,3.96,394
"FST",4014,"Food Prod Development",608,32,0,0,0,3.97,640
"FST",4405,"Food Processing",11,20,13,4,3,2.685,51
"FST",4504,"Food Chemistry",17,21,9,4,0,2.95,51
"FST",4534,"Food Chemistry Lab",29,8,2,0,0,3.665,39
"FST",5624,"Appl Food Micro & Sanitation",37,2,0,0,0,3.94,39
"GEOG",1004,"Intro Human Geography",126,77,23,3,4,3.33,233
"GEOG",1014,"World Regions",2260,147,67,28,77,3.73,2580
"GEOG",1104,"Intro Physical Geog",36,28,7,0,0,3.39,71
"GEOG",1115,"Seeking Sustainability",23,13,2,2,0,3.44,40
"GEOG",1504,"Survey of Meteorology",11,2,0,0,0,3.87,13
"GEOG",2004,"Intro Water Resources",8,4,4,0,0,3.18,16
"GEOG",2034,"Geography of Global Conflict",18,6,0,0,0,3.79,24
"GEOG",2054,"Introduction to World Politics",24,12,1,4,1,3.21,42
"GEOG",2084,"Principles of GIS",27,83,40,14,5,2.68,169
"GEOG",2134,"Geog of the Global Economy",5,5,2,0,0,3.28,12
"GEOG",2505,"Weather Analysis I",38,6,0,0,0,3.87,44
"GEOG",3114,"Introduction to Meteorology",38,24,3,1,0,3.45,66
"GEOG",3224,"Geography of Appalachia",19,7,2,0,0,3.56,28
"GEOG",3314,"Cartography",15,12,0,0,0,3.52,27
"GEOG",3515,"Dynamic Meteorology",8,9,7,2,1,2.73,27
"GEOG",4074,"Medical Geography",25,10,3,1,0,3.51,39
"GEOG",4204,"Geography of Resources",20,5,1,0,1,3.51,27
"GEOG",4354,"Introduction to Remote Sensing",9,51,12,0,0,2.94,72
"GEOG",4504,"Synoptic Meteorology",23,6,2,1,0,3.66,32
"GEOG",4984,"SS:Geography of Virginia",13,1,0,0,0,3.93,14
"GEOG",4984,"SS:Geosptial IT for Land Model",9,6,0,4,0,3.07,19
"GEOG",5014,"Geographic Theory and Research",11,1,0,0,0,3.89,12
"GEOG",5364,"GIS in Natl Res Mgmt",12,2,0,0,0,3.79,14
"GEOS",1004,"Physical Geology",125,228,88,21,10,2.82,472
"GEOS",1024,"Resources Geology",237,258,63,7,0,3.37666666666667,565
"GEOS",1034,"Earth's Natural Hazards",40,78,40,6,0,2.865,164
"GEOS",1104,"Physical Geology Laboratory",63,43,8,1,2,3.36428571428571,117
"GEOS",1124,"Resources Geol Lab",41,9,0,0,0,3.815,50
"GEOS",2014,"Mission to the Planets",33,32,9,2,6,3.02,82
"GEOS",2104,"Elements of Geology",95,49,6,0,0,3.55857142857143,150
"GEOS",2984,"SS:Intro to the Geoscience",13,8,1,0,0,3.5,22
"GEOS",2984,"SS:Your Inner Fish:Paleobiolgy",9,1,0,0,0,3.9,10
"GEOS",3114,"Introduction to Meteorology",36,16,0,0,0,3.63,52
"GEOS",3204,"Sedimentology-Stratigraphy",5,16,7,0,0,3.025,28
"GEOS",3404,"Elements of Structural Geology",11,13,18,10,1,2.40333333333333,53
"GEOS",3504,"Mineralogy",6,25,9,3,0,2.76,43
"GEOS",4164,"Potential Field Geoph",4,5,3,2,0,2.7,14
"GEOS",4714,"Volcanic Processes",35,2,3,1,2,3.49,43
"GEOS",4804,"Groundwater Hydrology",29,11,2,0,2,3.445,44
"GEOS",4994,"Undergraduate Research",9,3,0,0,0,3.77,12
"GEOS",6604,"TS:Simulatn & Modeling in GEOS",10,0,0,0,0,4,10
"GER",1105,"Elementary German",37,23,9,2,1,3.296,72
"GER",2105,"Intermediate German",6,5,3,0,0,3.21,14
"GER",3105,"Gram/Comp/Convers",11,11,3,0,1,3.19,26
"GER",3306,"Survey of German Literature",3,15,3,0,0,3,21
"GER",4154,"Adv Comp and Style",6,7,1,0,0,3.25,14
"GER",4334,"Ger Life, Lit & Lang",3,10,0,0,0,3.14,13
"GR",1105,"Class and NT Greek",11,1,1,0,0,3.75,13
"GRAD",5104,"Preparing Future Professoriate",49,2,0,0,0,3.96,51
"GRAD",5114,"Contemporary Pedagogy",35,2,0,0,0,3.91,37
"GRAD",5134,"TS: Regenrtv Medcne: Sci & Soc",5,5,0,0,0,3.53,10
"GRAD",5134,"TS:Global Chg Science & Policy",14,0,0,0,0,4,14
"GRAD",5144,"Communicating Science",15,0,0,0,0,4,15
"GRAD",5214,"Diversity for Global Society",17,0,0,0,0,3.98,17
"GRAD",5314,"Future Indus Prof Sci Engineer",14,0,0,0,0,4,14
"GRAD",5984,"Special Study",11,0,0,0,0,4,11
"HD",1004,"Human Development I",299,202,47,9,8,3.27857142857143,565
"HD",2004,"Human Development II",109,44,14,6,3,3.385,176
"HD",2304,"Family Relationships",125,41,14,5,2,3.425,187
"HD",2314,"Human Sexuality",298,226,50,11,11,3.34,596
"HD",2335,"Principles of Human Services",84,8,1,0,0,3.87,93
"HD",2336,"Principles of Human Services",58,21,8,1,0,3.46,88
"HD",3014,"Research Methods in Human Dev",23,20,9,7,3,2.805,62
"HD",3114,"Issues in Aging",37,6,1,0,0,3.76,44
"HD",3214,"Infancy and Early Childhood",26,6,2,0,0,3.71,34
"HD",3224,"Middle Child & Adolescence",5,26,9,0,0,2.97,40
"HD",3304,"Advanced Helping Skills",15,9,2,1,0,3.4,27
"HD",4324,"Advanced Family Relationships",35,26,20,3,2,2.98,86
"HD",4334,"Addiction And Family",31,7,6,1,0,3.49,45
"HD",4714,"Senior Capstone Seminar",42,6,1,0,0,3.755,49
"HD",4964,"Field Study",87,1,3,1,0,3.905,92
"HD",5404,"Systems Theory & Fam Therapy",13,0,0,0,0,3.95,13
"HD",5444,"Clinical MFT II",16,0,0,0,0,3.94,16
"HD",5514,"Research Methods",9,1,0,0,1,3.49,11
"HD",5614,"Human Dev Theory & Application",10,1,1,0,0,3.78,12
"HD",5714,"TS:Qual Meth in Family Res",13,1,1,0,0,3.68,15
"HD",5724,"Couples Therapy",11,0,0,0,0,4,11
"HD",5744,"Internal Family Systems",25,0,0,0,0,3.98,25
"HD",5964,"Practicum",10,0,0,0,0,3.98,10
"HD",6404,"Advanced Systems Therapy",11,0,0,0,0,4,11
"HIST",1004,"Introduction to History",23,12,3,0,0,3.45,38
"HIST",1024,"Ancient History",88,177,88,13,2,2.87,368
"HIST",1025,"Intro European Civ",22,38,9,0,2,3.065,71
"HIST",1115,"History of the United States",44,25,4,1,2,3.31666666666667,76
"HIST",1116,"History of the United States",11,42,20,5,3,2.68666666666667,81
"HIST",1214,"History of the Modern World",38,81,8,3,3,3.105,133
"HIST",1224,"Introduction to Latin America",9,5,0,1,1,3.23,16
"HIST",2004,"Historical Methods",16,15,8,2,1,2.965,42
"HIST",2054,"Engineering Cultures",75,48,9,4,3,3.39444444444444,139
"HIST",2124,"Issues in World History",17,11,2,0,0,3.5,30
"HIST",2165,"History of France",4,10,0,0,0,3.35,14
"HIST",2184,"History of the Balkans",3,6,4,1,2,2.4,16
"HIST",2345,"History of the Middle East",24,10,2,1,0,3.56,37
"HIST",2356,"History of China",7,10,2,0,1,3.1,20
"HIST",2984,"SS:Dev & Humanitrnsm in Africa",9,3,3,0,0,3.44,15
"HIST",2984,"SS:Murder in American History",12,6,2,1,1,3.13,22
"HIST",2984,"SS:Rise&Fall States Rights U.S",5,8,0,0,0,3.34,13
"HIST",2984,"SS:Roman Britain",5,6,6,0,0,2.99,17
"HIST",2984,"SS:What is Health?",5,3,3,0,0,3.15,11
"HIST",3004,"Colonial America",8,11,4,0,0,3.13,23
"HIST",3084,"Recent America, 1917-Present",5,11,0,0,2,2.98,18
"HIST",3134,"Sports in American History",20,11,0,0,2,3.38,33
"HIST",3206,"U.S. South",14,5,1,0,1,3.46,21
"HIST",3224,"History of Virginia",6,10,1,0,0,3.24,17
"HIST",3254,"The Vietnam War",16,13,0,0,0,3.53,29
"HIST",3334,"The Renaissance",3,11,3,0,3,2.51,20
"HIST",3494,"The Holocaust",8,5,0,0,0,3.45,13
"HIST",3524,"Eur Mil Hist to 1789",12,20,3,1,0,3.13,36
"HIST",3544,"World War II",54,20,2,0,2,3.57,78
"HIST",3684,"Hist Soviet Culture",10,3,5,2,1,2.92,21
"HIST",3724,"Disease Med & Health",23,6,0,0,0,3.75,29
"HIST",3754,"Public History",7,3,0,0,0,3.7,10
"HIST",4904,"History Research Seminar",16,12,4,1,1,3.195,34
"HIST",5104,"Historical Methods",9,1,0,0,1,3.52,11
"HIST",5114,"U.S. to 1877",10,0,0,0,0,3.97,10
"HIST",5154,"Writing Skills Prof Historian",10,0,0,0,1,3.61,11
"HIST",5424,"Public History",14,0,2,0,0,3.68,16
"HNFE",1004,"Foods, Nutrition And Exercise",292,78,16,1,1,3.66,388
"HNFE",1114,"Orientation to HNFE",128,15,7,1,2,3.725,153
"HNFE",2014,"Nutrition Across the Life Span",93,36,4,0,1,3.62,134
"HNFE",2224,"Food Sel and Prep Lab",51,1,0,0,0,3.95333333333333,52
"HNFE",2544,"Functional Foods for Health",7,7,0,0,0,3.59,14
"HNFE",2664,"Behav Nutrition Phys Activity",78,45,0,0,0,3.57,123
"HNFE",2804,"Exercise and Health",37,72,28,7,1,2.95,145
"HNFE",2824,"Athletic Injuries",59,38,6,1,0,3.46,104
"HNFE",2974,"Independent Study",190,0,0,0,0,4,190
"HNFE",3025,"Metabolic Nutrition",123,81,21,4,0,3.35375,229
"HNFE",3034,"Methods Human Hlth Assessment",131,23,2,0,0,3.765,156
"HNFE",3114,"Foodservice and Meal Mgt",32,11,0,0,0,3.67,43
"HNFE",3634,"Epi Hlth and Disease",38,62,11,1,0,3.22,112
"HNFE",3804,"Exercise Physiology",28,45,19,7,0,2.89,99
"HNFE",3824,"Kinesiology",80,54,15,0,0,3.39,149
"HNFE",4004,"Seminar HNFE Writing&Discourse",106,10,1,0,0,3.798,117
"HNFE",4125,"Medical Nutrition Therapy",28,4,0,0,0,3.81,32
"HNFE",4134,"Exp Appr to Nutr Ther",14,1,0,0,0,3.93,15
"HNFE",4624,"Community Nutrition",38,6,0,0,0,3.74,44
"HNFE",4644,"Health Counseling",29,17,1,0,0,3.6,47
"HNFE",4964,"Field Study",17,0,0,0,0,4,17
"HNFE",4984,"SS: Nutr and Phys Perform",3,7,2,0,0,3.08,12
"HNFE",4994,"Undergraduate Research",110,0,0,0,0,3.97,110
"HNFE",5044,"Sem Nutrition & Foods",26,0,0,0,0,4,26
"HNFE",5125,"Adv Medical Nutrition Therapy",12,0,0,0,0,3.93,12
"HNFE",5984,"SS:Res Meth Nutr & Phy Activty",14,2,0,0,0,3.82,16
"HORT",2144,"Indoor Plants",67,11,8,0,0,3.64333333333333,86
"HORT",2154,"Spanish for the Green Industry",33,4,1,1,0,3.8,39
"HORT",2164,"Floral Design",76,5,0,0,1,3.895,82
"HORT",2224,"Horticulture Science & Industr",31,6,0,0,0,3.81,37
"HORT",2304,"Plant Biology",3,6,3,1,0,2.87,13
"HORT",2984,"SS:Organic Gardening",10,6,0,0,0,3.59,16
"HORT",3325,"Woody Landscape Plants",18,11,3,0,1,3.3,33
"HORT",3345,"Herbaceous Landscape Plants",11,5,0,0,0,3.63,16
"HORT",4004,"Horticulture Seminar",18,2,0,0,0,3.92,20
"HORT",4324,"Greenhouse Management",11,10,3,1,0,3.2,25
"HORT",4644,"Small Fruit Production",9,6,4,1,0,3.14,20
"HORT",4654,"Viticulture",5,5,5,1,1,2.69,17
"HORT",4794,"Medicinal Plants and Herbs",14,20,3,1,0,3.28,38
"HORT",5514,"Plant Nutrition",2,4,2,2,1,2.36,11
"HTM",1414,"Intro to HTM Management",30,8,0,0,1,3.66,39
"HTM",2454,"Travel & Tourism Management",139,219,42,13,6,3.17666666666667,419
"HTM",2464,"Introduction to Service",115,46,12,0,1,3.54,174
"HTM",2474,"Intro Mtgs Mgt",10,5,2,0,0,3.47,17
"HTM",2514,"Catering Management",76,45,6,3,2,3.41,132
"HTM",3044,"Private Club Management",8,4,1,0,0,3.54,13
"HTM",3414,"Purc, Prod and Mgt",8,14,2,0,0,3.24,24
"HTM",3444,"Fin Mgt Hospit Org",31,17,0,0,0,3.6,48
"HTM",3484,"Socio-Cult Impacts of Tourism",17,20,5,1,0,3.18,43
"HTM",3524,"Lodging Management",24,28,2,0,1,3.34,55
"HTM",4414,"Food and Beverage Management",29,10,1,0,1,3.555,41
"HTM",4424,"Events Management",35,1,1,0,0,3.87,37
"HTM",4444,"Winery Tourism",42,1,0,0,0,3.97,43
"HTM",4454,"Hospitality Revenue Management",21,20,1,2,1,3.23,45
"HTM",4464,"Human Res Mgt HRIM",7,11,3,0,0,3.16,21
"HTM",5024,"International Service Mgt",14,0,0,0,0,4,14
"HUM",1324,"HUM: Mod World",24,24,10,0,3,3.085,61
"HUM",1604,"Intro Hum and Arts",36,30,4,0,1,3.405,71
"HUM",1704,"Intro to Appalachian Studies",49,25,3,3,1,3.4525,81
"HUM",2204,"The Creative Process",15,10,0,0,1,3.43,26
"HUM",3204,"Multicultural Communication",14,9,2,1,0,3.32,26
"IDS",2015,"Industrial Design Lab II",4,24,7,0,0,2.97,35
"IDS",2044,"Human Factors",22,12,2,0,1,3.44,37
"IDS",2065,"Design Visualization",4,24,10,0,0,3.02,38
"IDS",2114,"Hist/Theory Industrial Design",126,0,0,0,0,4,126
"IDS",2304,"Computer Aided Ind Design",24,11,1,0,0,3.56,36
"IDS",3015,"Industrial Design Lab III",19,7,2,0,0,3.52,28
"IDS",3224,"TS:Fusion 360 (1+2)",12,1,0,0,0,3.9,13
"IDS",3224,"TS:Portfolio (1)",15,2,0,0,0,3.78,17
"IDS",3224,"TS:Understanding Design (2)",17,3,0,0,0,3.76,20
"IDS",3224,"TS:Workshop",27,6,3,0,0,3.64,36
"IDS",3234,"TS:History of Auto Design (2)",12,0,0,0,0,4,12
"IDS",3234,"TS:Studio Collective",34,0,0,0,0,4,34
"IDS",3514,"Design Research",18,10,0,0,0,3.65,28
"IDS",4015,"Industrial Design Lab IV",15,12,0,0,0,3.54,27
"IDS",4044,"ProPrac & Entrepreneurship",19,14,0,0,0,3.51,33
"IS",1034,"Intro to Int'l Studies & PSCI",21,59,11,5,1,2.96,97
"IS",2054,"Introduction to World Politics",77,38,15,5,7,3.245,142
"IS",2064,"Global Econ and World Politics",14,17,2,1,0,3.23,34
"IS",2984,"SS:Intellignce & Nat'l Securty",16,2,2,0,0,3.64,20
"IS",3115,"Selected World Problems",7,4,1,0,0,3.4,12
"IS",4044,"International Communication",10,1,0,0,0,3.75,11
"ISC",1105,"Integrated Science I",12,26,7,1,0,3.05,46
"ISC",1115,"Integrated Science Lab I",31,13,1,0,0,3.6,45
"ISC",2105,"Integrated Science II",8,4,2,0,1,3.12,15
"ISC",2115,"Integrated Science Lab II",9,5,0,0,1,3.36,15
"ISC",2984,"SS:ISC Freshman Seminar",20,1,0,1,0,3.82,22
"ISE",2004,"Introduction to ISE",150,10,2,0,0,3.915,162
"ISE",2014,"Engineering Economy",97,126,120,37,16,2.665,396
"ISE",2204,"Manufacturing Processes",50,16,0,0,0,3.73,66
"ISE",2214,"Manufacturing Processes Lab",254,88,1,1,0,3.69133333333333,344
"ISE",3414,"Prob Operations Research",35,58,44,5,3,2.735,145
"ISE",3434,"Determ Operations Research II",62,71,21,1,0,3.165,155
"ISE",3614,"Human Factors Ergon Engr",144,15,0,0,1,3.84,160
"ISE",4004,"Theory of Organization",78,32,1,0,0,3.64,111
"ISE",4005,"Project Mgmt and System Design",124,33,1,0,0,3.7,158
"ISE",4015,"Management Systems",18,32,4,0,1,3.18,55
"ISE",4204,"Production Plan Invent Ctrl",65,85,13,0,1,3.29,164
"ISE",4424,"Logistics Engineering",29,0,0,0,0,4,29
"ISE",4644,"Occup Saf & Haz Cont",14,8,0,0,0,3.5,22
"ISE",5015,"Mgt Orgl Sys",9,2,0,0,0,3.85,11
"ISE",5034,"Math Prob & Stat for ISE's",14,11,11,0,0,3.14,36
"ISE",5204,"Manuf Systems Eng",26,10,0,0,0,3.65,36
"ISE",5244,"Fac Plan & Matl Handg",28,1,0,0,0,3.91,29
"ISE",5405,"Optimization",44,16,1,0,0,3.695,61
"ISE",5424,"Simulation I",16,4,0,0,0,3.74,20
"ISE",5434,"Project Evaluation",13,3,0,0,0,3.78,16
"ISE",5604,"Human Information Processing",11,5,0,0,0,3.61,16
"ISE",5605,"Human Factors System Design",4,8,2,0,0,3.19,14
"ISE",5984,"SS:Sensing and Data Analytics",9,4,0,0,0,3.65,13
"ISE",6424,"Dynamic Programming",11,0,0,0,0,3.89,11
"ITAL",1105,"Elementary Italian",41,22,1,0,0,3.6,64
"ITAL",2105,"Intermediate Italian",8,2,0,0,0,3.65,10
"ITAL",2984,"SS:Survival Italian",16,0,0,0,0,3.96,16
"ITDS",1114,"Design Appreciation",284,30,8,1,1,3.83,324
"ITDS",2044,"Interior Design I",9,20,0,0,0,3.305,29
"ITDS",2224,"Int Dsgn Graphic Communication",12,4,0,0,0,3.64,16
"ITDS",3044,"Interior Design III",22,8,0,0,0,3.665,30
"ITDS",3125,"History in Interior Design",10,15,1,2,0,3.19,28
"ITDS",3175,"Building Systems for ID",17,9,3,0,0,3.35,29
"ITDS",4044,"Interior Design V",13,17,0,0,0,3.41,30
"ITDS",4554,"Contemporary ITDS Practice",30,0,0,0,0,4,30
"ITDS",4994,"Undergraduate Research",25,6,0,0,0,3.73,31
"JPN",1105,"Elementary Japanese",72,22,5,0,1,3.58,100
"JPN",2105,"Intermediate Japanese",25,13,3,0,0,3.5,41
"JPN",3105,"Advanced Japanese",18,7,1,1,0,3.5,27
"JUD",2414,"Hebrew Bible/Old Testament",4,4,2,0,0,3.05,10
"LAHS",3004,"Professional Seminar",11,4,1,0,0,3.63,16
"LAR",1144,"(OL) Introduction to LA",25,9,3,0,0,3.58,37
"LAR",1264,"Understand Represent Landscape",22,9,0,0,0,3.65,31
"LAR",2015,"LAR Design Studio Place&Proces",7,8,3,0,0,3.24,18
"LAR",2254,"Social and Cultural Landscapes",16,5,5,0,2,3.2,28
"LAR",4084,"Design and Planning",9,5,0,0,0,3.62,14
"LAR",4124,"Professional Practice",7,4,0,0,0,3.53,11
"LAR",5264,"TECT LAR II: Site & Process",5,5,0,0,0,3.35,10
"LAT",1105,"Elementary Latin",30,8,2,0,2,3.625,42
"LAT",2124,"Catullus and Horace",9,6,1,0,0,3.5,16
"LAT",3004,"Readings in Latin Literature",9,2,0,0,0,3.74,11
"LDRS",1015,"Exploring Citizen Leadership",325,31,8,2,0,3.867,366
"LDRS",2014,"Principles of Peer Leadership",88,16,3,0,2,3.685,109
"LDRS",3104,"The Dynamics of Leadership",32,5,0,0,1,3.7,38
"LDRS",4044,"Leadership Studies Capstone",10,0,1,0,1,3.5,12
"MACR",5015,"MACR Fundament Lab I and II",6,4,0,0,0,3.63,10
"MATH",1014,"Precalc With Transcendental",146,305,258,101,32,2.54,842
"MATH",1025,"Elementary Calculus",226,321,232,76,13,2.75857142857143,868
"MATH",1026,"Elementary Calculus",46,87,68,24,2,2.66,227
"MATH",1114,"Elementary Linear Algebra",133,126,79,36,14,2.83666666666667,388
"MATH",1224,"Vector Geometry",8,8,12,3,6,2.2,37
"MATH",1225,"Calculus of a Single Variable",315,513,424,138,44,2.61023255813953,1434
"MATH",1226,"Calculus of a Single Variable",139,255,202,102,41,2.46,739
"MATH",1525,"Calc With Matrices",266,321,159,36,8,3.00571428571429,790
"MATH",1526,"Calc With Matrices",178,168,117,20,13,2.96,496
"MATH",1535,"Geom & Math of Design",103,68,26,13,5,3.16333333333333,215
"MATH",1614,"Num & Comp for Teach",27,4,0,0,0,3.82,31
"MATH",2024,"Intermediate Calculus",7,11,15,3,1,2.55,37
"MATH",2114,"Introduction to Linear Algebra",123,177,128,47,10,2.67789473684211,485
"MATH",2204,"Intro Multivariable Calculus",254,434,297,104,22,2.675,1111
"MATH",2214,"Intro Diff Equations",245,249,139,40,37,2.84428571428571,710
"MATH",2224,"Multivariable Calculus",31,27,44,19,21,2.195,142
"MATH",2405,"Math in Computational Context",10,6,1,0,0,3.49,17
"MATH",2534,"Intro Discrete Math",64,78,58,7,21,2.68,228
"MATH",2644,"Mathematics Tutoring",17,1,0,0,0,3.93,18
"MATH",3034,"Introduction to Proofs",21,16,10,5,3,2.81,55
"MATH",3054,"Programming for Math",5,5,3,0,3,2.47,16
"MATH",3124,"Modern Algebra",19,20,10,2,2,2.96333333333333,53
"MATH",3134,"Applied Combinatorics",27,49,32,11,7,2.5475,126
"MATH",3144,"Linear Algebra I",20,23,15,11,5,2.54666666666667,74
"MATH",3214,"Calculus of Several Variables",38,33,31,7,3,2.8,112
"MATH",3224,"Advanced Calculus",10,8,12,5,5,2.34,40
"MATH",3414,"Numerical Methods",3,3,2,2,0,2.61,10
"MATH",4044,"History of Mathematics",11,12,8,1,1,2.94,33
"MATH",4124,"Intr Abstract Algebra",10,17,8,3,3,2.605,41
"MATH",4175,"Cryptography",24,32,16,1,0,3.085,73
"MATH",4225,"Elementary Real Analysis",11,16,3,1,2,3,33
"MATH",4245,"Intermediate Differential Equa",7,8,4,6,3,2.33,28
"MATH",4334,"College Geometry",9,5,8,2,1,2.77,25
"MATH",4414,"Issues in Scientific Computing",10,8,2,1,0,3.26,21
"MATH",4425,"Fourier Series PDE",14,5,4,4,8,2.33,35
"MATH",4445,"Intro to Numer Analysis",14,14,12,9,3,2.51,52
"MATH",4564,"Operational Methods",81,86,57,17,17,2.728,258
"MATH",4574,"Vector/Complex Analysis",17,22,8,0,1,3.13,48
"MATH",4625,"Math for Secondary Teachers",4,7,1,0,0,3.25,12
"MATH",4644,"Secondary Math w/ Tech",13,0,0,0,1,3.67,14
"MATH",4664,"Senior Math Education Seminar",10,2,0,0,0,3.78,12
"MATH",4984,"SS:Applied Complex Variables",5,4,3,1,3,2.46,16
"MATH",5125,"Abstract Algebra",4,4,2,0,0,3.11,10
"MATH",5235,"Complex Analysis",3,6,1,0,0,3.26,10
"MATH",5425,"Ap Par Dif Equa",9,1,0,0,0,3.87,10
"MATH",5465,"Numerical Analysis",8,1,1,0,0,3.7,10
"MATH",5485,"Numer Analy and Softw",11,0,0,0,0,3.97,11
"MATH",5614,"Prob & Stat for K-8 Teachers",12,0,0,0,0,4,12
"ME",2024,"Engr Design & Econ",44,167,33,0,0,3.0375,244
"ME",2124,"Intro Thermal Fluid",42,68,16,4,1,3.075,131
"ME",2984,"SS:Intro to Robotics",23,7,3,2,3,3.24,38
"ME",3124,"Thermodynamics",101,135,48,9,5,3.016,298
"ME",3134,"Fundamentals of Thermodynamics",48,100,47,17,4,2.7575,216
"ME",3404,"Fluid Mechanics",57,131,81,21,4,2.7225,294
"ME",3514,"System Dynamics",96,110,71,36,7,2.744,320
"ME",3614,"Mechanical Design I",64,123,73,23,3,2.732,286
"ME",4006,"Mechanical Engineering Lab",211,137,10,0,2,3.48888888888889,360
"ME",4015,"Engineering Design and Project",236,121,5,0,0,3.59,362
"ME",4124,"CAD of Fluid-Thermal Sys",75,171,98,16,3,2.8,363
"ME",4194,"Sustainable Energy Solutions",4,12,0,0,0,3.21,16
"ME",4504,"Control Engr I",17,15,3,4,2,2.99,41
"ME",4544,"Automotive Engineering",21,24,8,0,0,3.2,53
"ME",4554,"Adv Technology Motor Vehicles",38,11,2,0,2,3.54,53
"ME",4624,"Finite Elem Practice",6,10,3,0,0,3.13,19
"ME",4644,"Rapid Prototyping",4,11,0,0,0,3.27,15
"ME",4735,"Mechatronics",44,7,1,0,0,3.77,52
"ME",4974,"Independent Study",14,2,0,0,0,3.8,16
"ME",5104,"Thermodynamics: Found/Applic",5,4,3,1,0,2.95,13
"ME",5135,"Vehicle Propulsion",12,6,1,0,0,3.56,19
"ME",5304,"Conduction Heat Transfer",13,2,3,0,0,3.57,18
"ME",5434,"Adv Intro Comp Fluid Dynamics",12,2,1,0,0,3.69,15
"ME",5514,"Vibrations Mech System",26,5,4,0,0,3.59,35
"ME",5554,"Applied Linear Systems",27,2,0,1,0,3.785,30
"ME",5634,"Fin Elem in Mach Des",19,3,0,0,0,3.82,22
"ME",5644,"Rapid Prototyping",11,3,0,0,0,3.7,14
"ME",5684,"Unified System Dynamics",17,0,0,0,0,3.88,17
"ME",5724,"Advanced Instrumentation",21,5,2,0,0,3.63,28
"ME",5735,"Advanced Mechatronics",21,0,0,0,0,3.97,21
"ME",5814,"Energy Harvesting",12,0,0,0,0,3.93,12
"ME",5864,"Advanced Micro/Nano-Robotics",7,5,0,0,0,3.51,12
"ME",5914,"Autonomous Systems Seminar",12,0,0,0,0,4,12
"ME",5984,"SS:Experimental Robotics",14,3,0,0,0,3.79,17
"MGT",1935,"Fund of Cadet Prof Leadership",44,1,1,0,0,3.92,46
"MGT",1945,"Fundamentals of Cadet Ldrshp",225,79,4,0,1,3.65,309
"MGT",1984,"SS:Foundations of Management",300,357,65,14,2,3.27,738
"MGT",2935,"Career Planning for Cadets",25,4,2,1,2,3.41,34
"MGT",2945,"Small Unit Lrdshp for Cadets",183,42,7,1,4,3.375,237
"MGT",3064,"Cornerstones Entrepreneurship",21,29,6,2,2,3.035,60
"MGT",3304,"Mgt Th & Lead Pract",309,475,132,20,11,3.03466666666667,947
"MGT",3314,"International Business",19,18,4,0,0,3.36,41
"MGT",3324,"Organization Behavior",31,43,6,0,1,3.255,81
"MGT",3334,"Managing Human Resources",13,14,5,0,0,3.27,32
"MGT",3344,"Employee & Labor Relations",15,31,6,0,1,3.03,53
"MGT",3604,"Managerial Analytics",27,23,10,0,0,3.235,60
"MGT",3614,"Strategy Competition Analytics",10,24,1,0,0,3.24,35
"MGT",3935,"Adv Professional Dev for Cdts",48,1,3,1,0,3.77,53
"MGT",3945,"Cadet Organizational Ldrshp",174,29,3,0,0,3.8,206
"MGT",4064,"Developing Entrep Ventures",14,9,0,0,0,3.54,23
"MGT",4314,"International Management",38,37,6,0,0,3.385,81
"MGT",4334,"Ethical Leadership",24,59,10,0,1,3.07,94
"MGT",4344,"Prod and Qual Leader",33,30,4,0,1,3.395,68
"MGT",4354,"Leadership Skills",15,14,2,1,0,3.32,32
"MGT",4394,"Strategic Management",79,192,10,1,0,3.25571428571429,282
"MGT",4935,"Cadet Citizen Leader Practicum",42,22,5,1,1,3.35,71
"MGT",4945,"Executive Ldrshp for Cadets",188,32,3,1,0,3.79,224
"MGT",4964,"Field Study",15,7,0,0,0,3.57,22
"MGT",4984,"SS:Cadet Commander & Practicum",15,0,0,0,0,4,15
"MGT",4984,"SS:Career Planning for Mgt Maj",12,0,0,0,0,4,12
"MGT",5124,"Business Research Methods",8,2,0,0,0,3.77,10
"MGT",5314,"Organization Behavior",26,3,0,0,0,3.71,29
"MGT",5384,"Eth Dim Leadership",16,2,0,0,0,3.76,18
"MGT",5604,"Team Building",11,2,0,0,0,3.71,13
"MGT",5614,"Designing & Managing Orgs",37,6,0,0,0,3.745,43
"MGT",5674,"Change Management",10,11,0,0,0,3.43,21
"MGT",5794,"Strategic Management",9,4,0,0,0,3.6,13
"MGT",5804,"Leader Tech-Based Org",13,18,5,0,0,3.23,36
"MGT",5844,"Business & Corporate Strategy",13,9,0,0,0,3.48,22
"MINE",2504,"Intro to Mining Engng",17,22,15,5,3,2.79,62
"MINE",2534,"Mine Surveying and Mapping",38,14,0,1,1,3.555,54
"MINE",3504,"Rock Mech & Grnd Cntl",7,17,14,6,2,2.43,46
"MINE",3514,"Rock Mechanics Laboratory",2,24,14,4,0,2.5675,44
"MINE",3524,"Excavation Engineering",2,18,15,6,4,2.17,45
"MINE",3534,"Mineral Processing",6,17,13,3,0,2.7,39
"MINE",4504,"Matls Handling * Powr",15,35,7,1,0,3.07,58
"MINE",4514,"Health, Safety & Risk",16,47,1,0,0,3.28,64
"MINE",4524,"Project Engng & Mgmt",17,31,9,1,1,3.05,59
"MINE",4535,"Senior Design Project",43,18,0,1,0,3.67,62
"MINE",5944,"GS:Mining Engineering",15,1,0,0,0,3.94,16
"MKTG",3104,"Marketing Management",420,176,41,7,3,3.65,647
"MKTG",3504,"Advertising",43,22,5,0,0,3.51,70
"MKTG",3954,"Study Abroad",53,0,0,0,0,4,53
"MKTG",4154,"Marketing Research",28,35,4,0,2,3.20333333333333,69
"MKTG",4204,"Consumer Behavior",34,44,13,2,0,3.11666666666667,93
"MKTG",4304,"Marketing Communications",53,25,2,0,0,3.62,80
"MKTG",4354,"Mktg Chnl & Lgst",44,41,4,0,0,3.405,89
"MKTG",4404,"Field Practicum In Marketing",52,0,0,0,0,4,52
"MKTG",4554,"Buyer-Seller Relationships",107,25,2,0,0,3.7475,134
"MKTG",4644,"Mktg, Soc, & Pub Interests",89,36,2,0,0,3.64333333333333,127
"MKTG",4704,"International Marketing",31,30,1,0,0,3.475,62
"MKTG",4754,"Strategic Marketing",8,12,1,0,0,3.25,21
"MKTG",4774,"Advanced Professional Selling",26,11,0,0,0,3.73,37
"MKTG",4984,"SS:Non-Profit Orgnization Mktg",17,36,0,0,0,3.32,53
"MKTG",5104,"Marketing Policy And Strategy",13,13,0,0,0,3.44,26
"MKTG",5634,"Intl Marketing Management",30,2,0,0,0,3.77,32
"MKTG",5654,"Managing the Mktg Function",13,0,0,0,0,3.84,13
"MKTG",5674,"Marketing in Dynamic Contexts",11,11,0,0,0,3.5,22
"MN",1004,"Introduction to Naval Science",54,39,3,0,0,3.47,96
"MN",1104,"Nav Ships Syst: Engr",24,17,3,0,0,3.425,44
"MN",3006,"Navigation",24,0,0,0,0,3.885,24
"MN",3204,"Evolution of Warfare",14,4,0,0,0,3.68,18
"MN",4005,"Leadership &  Mgt/Ethics",43,34,0,0,0,3.535,77
"MS",1005,"MS I, AROTC",69,16,1,1,0,3.7675,87
"MS",2005,"MS II, AROTC",79,13,1,0,0,3.775,93
"MS",3005,"MS III, AROTC",65,5,1,0,0,3.87666666666667,71
"MS",4005,"MS IV, AROTC",80,0,1,0,0,3.95666666666667,81
"MSE",1004,"Materials In Today's World",51,24,8,3,4,3.24,90
"MSE",2014,"Materials Eng Transition",9,1,0,0,0,3.84,10
"MSE",2034,"Elem of Materials Eng",49,126,46,11,4,2.86333333333333,236
"MSE",2044,"Fund of Materials Engineering",29,29,6,0,1,3.3,65
"MSE",2884,"Matls Engr Professional Dev I",77,4,0,0,0,3.91,81
"MSE",3114,"Math Programming MSE II",50,5,0,0,1,3.83,56
"MSE",3134,"Crystallography & Cryst Struc",51,23,1,0,0,3.55,75
"MSE",3204,"Electronic Materials",14,49,8,1,0,3.06,72
"MSE",4034,"Thermo of Materials",17,25,27,7,1,2.64,77
"MSE",4055,"Materials Selection & Design",20,29,4,0,0,3.3,53
"MSE",4085,"Senior Design Recitation",10,37,5,1,0,3.08,53
"MSE",4414,"Physical Ceramics",34,32,15,1,0,3.23,82
"MSE",4424,"Materials Laboratory II",39,26,12,2,0,3.25285714285714,79
"MSE",4584,"Biomimetic Materials",9,8,2,1,0,3.24,20
"MSE",4614,"Nanomaterials",6,13,0,0,0,3.38,19
"MSE",5024,"Math Methods Materials Resrch",15,8,0,0,0,3.63,23
"MSE",5054,"Adv Materials Thermo",9,5,0,0,0,3.56,14
"MSE",5114,"Materials Characterization",8,5,0,0,0,3.55,13
"MSE",5134,"Introduction to TEM",8,4,0,0,0,3.62,12
"MSE",5584,"Biomimetic Material Design",9,2,1,0,0,3.74,12
"MTRG",4994,"Undergraduate Research",10,2,0,0,0,3.88,12
"MUS",1004,"Perf Arts First Year Exper",18,8,0,0,0,3.67,26
"MUS",1005,"Theory/Fundamentals",64,20,4,1,0,3.605,89
"MUS",1006,"Theory/Fundamentals",10,4,0,0,1,3.43,15
"MUS",1104,"Music Appreciation",334,75,70,7,0,3.6,486
"MUS",2025,"Theory/Harmony",13,19,11,0,1,2.925,44
"MUS",2045,"Sightsinging Laboratory",37,4,1,0,1,3.78,43
"MUS",2055,"Audio Technology For Music",4,8,4,0,0,3.08,16
"MUS",2065,"Music Composition",7,3,1,0,0,3.6,11
"MUS",2115,"Survey of Music",73,17,2,0,1,3.7,93
"MUS",2214,"Class Applied Piano",17,7,1,0,0,3.585,25
"MUS",2224,"Class Applied Voice",8,3,1,0,0,3.56,12
"MUS",2274,"Music Education Lab Ensemble",16,7,0,0,0,3.7,23
"MUS",2514,"Individual Applied Voice",6,4,0,0,0,3.58,10
"MUS",2644,"Individual Applied Trumpet",6,3,1,0,0,3.45,10
"MUS",2684,"Individual Applied Percussion",11,0,0,0,0,3.97,11
"MUS",2815,"Jazz Improvisation",12,0,0,0,0,4,12
"MUS",3044,"Orchestration & Analysis",4,7,2,0,0,3.06,13
"MUS",3055,"Music and Media Production",5,8,0,0,1,3.14,14
"MUS",3064,"Digital Sound Manipulation",23,1,1,0,0,3.87,25
"MUS",3065,"Computer Music & Multimedia",19,0,0,0,0,3.97,19
"MUS",3114,"Symphonic Literature",16,2,0,0,0,3.84,18
"MUS",3115,"Music In America",32,36,38,6,2,2.85,114
"MUS",3135,"Hist/Analy Mus Styles",5,14,4,0,0,3.03,23
"MUS",3145,"Mus Styles Lit Lab",11,9,3,0,0,3.33,23
"MUS",3225,"Conducting",6,6,0,0,0,3.55,12
"MUS",3314,"Instrumental Ensemble Music",593,0,1,0,0,3.98555555555556,594
"MUS",3314,"TS:Jazz Combos",11,0,0,0,0,4,11
"MUS",3314,"TS:L2ORK",11,1,1,0,0,3.75,13
"MUS",3314,"TS:Low Brass",23,0,0,0,0,3.96,23
"MUS",3314,"TS:NRVSO",57,0,0,0,0,4,57
"MUS",3414,"Choral Ensemble Music",117,7,2,0,0,3.88,126
"NANO",1015,"Introduction to Nanoscience",49,16,1,0,1,3.65,67
"NANO",2114,"Nanoscience Research Seminar",26,3,1,3,1,3.48,34
"NANO",3114,"Prof Dissemination Nano Res",8,2,0,0,0,3.86,10
"NEUR",1004,"Neur Orientation Seminar",52,6,0,0,0,3.84,58
"NEUR",2025,"Introduction to Neuroscience",23,33,21,2,2,2.9,81
"NEUR",2984,"SS:Neuroscience Laboratory",29,58,5,1,3,3.178,96
"NEUR",3084,"Cognitive Neuroscience",9,17,2,1,1,3.09,30
"NR",1115,"Seeking Sustainability",12,6,6,0,0,3.24,24
"NR",1234,"FYE Nat Resources & Environ",44,20,6,0,0,3.5425,70
"NR",2004,"Intro Water Resources",6,4,2,0,0,3.36,12
"NR",4105,"Leadership Natural Resources",11,1,0,0,0,3.89,12
"NR",5114,"Global Issues Natural Resource",36,7,0,0,0,3.83,43
"NR",5724,"Conservation Ecology",13,0,0,0,0,3.95,13
"NR",5864,"Sustainability Science",24,7,0,0,0,3.71,31
"NR",5884,"TS: Human-Wildlife Conflicts",14,0,0,0,0,3.96,14
"NR",5884,"TS: Infrastruct for Resilience",15,0,0,0,0,4,15
"NR",5884,"TS: Inter'l Envir Law & Policy",13,0,0,0,0,3.95,13
"NR",5884,"TS: Professional Practice",11,16,0,0,0,3.47,27
"NR",5884,"TS: Water and Conflict",12,0,0,0,0,4,12
"NR",5884,"TS:Landscape Systm & Strategy",13,1,0,0,0,3.84,14
"NR",5884,"TS:Watershed Stewardship",15,0,0,0,0,4,15
"NSEG",3145,"Fundamentals of Nuclear Engr",49,35,6,0,0,3.42,90
"PAPA",5014,"Concepts Publ Adm",17,9,0,0,0,3.65,26
"PAPA",5044,"Local Govt & Prof Mgr",14,0,0,0,0,3.96,14
"PAPA",5316,"System Skills for Managers",10,2,0,0,0,3.83,12
"PAPA",5544,"Publ Non-Prof Fin Mgt",14,1,0,0,0,3.91,15
"PAPA",6214,"Public Policy Process",2,8,0,0,0,3.23,10
"PAPA",6314,"Bud Proc & Policy",14,2,0,0,0,3.82,16
"PAPA",6414,"Normative Foundations",35,12,0,0,0,3.64666666666667,47
"PHIL",1204,"Knowledge and Reality",111,187,47,7,4,3.0925,356
"PHIL",1304,"Morality and Justice",144,177,52,3,6,3.16933333333333,382
"PHIL",1504,"Language and Logic",31,34,9,7,1,3.025,82
"PHIL",2115,"Ancient/Medieval Phil",13,35,10,2,0,2.99,60
"PHIL",2126,"History of Modern Philosophy",11,14,2,0,2,3.19,29
"PHIL",2304,"Global Ethics",205,104,11,5,2,3.5775,327
"PHIL",3024,"TS:Philosophy of Technology",12,3,0,1,0,3.61,16
"PHIL",3454,"Philosophy of Religion",9,5,0,0,0,3.58,14
"PHIL",3505,"Modern Logic & Dev",9,9,3,0,0,3.34,21
"PHIL",4224,"Epistemology",6,3,3,0,0,3.28,12
"PHIL",4604,"Philosophy of Biology",4,3,1,1,1,2.8,10
"PHIL",5505,"Symbolic Logic",9,4,0,0,0,3.74,13
"PHS",1514,"Personal Health",423,36,5,1,1,3.86,466
"PHS",3534,"Drug Education",444,27,5,1,0,3.91,477
"PHS",5004,"Fundamentals Public Health",43,1,0,0,0,3.98,44
"PHS",5025,"Epi & Quant Meth Publ Hlth",28,6,2,0,0,3.72,36
"PHS",5034,"Health Behav & Health Ed",39,3,0,0,0,3.93,42
"PHS",5044,"Public Health Administration",17,0,0,0,0,4,17
"PHS",5204,"Prin Community Health Ed",26,0,0,0,0,3.99,26
"PHS",5224,"Comp Health Systems",11,0,0,0,0,4,11
"PHS",5314,"Infectious Disease Epidemiol",23,0,0,0,0,3.92,23
"PHS",5334,"Principles Infectious Diseases",13,4,1,1,0,3.54,19
"PHS",5644,"Program Evaluation",20,5,0,0,0,3.8,25
"PHS",5934,"MPH Professional Preparation",39,0,0,0,0,3.97,39
"PHS",5984,"SS:MPH Professional Skills",32,0,0,0,0,3.98,32
"PHYS",1055,"Introduction to Astronomy",504,76,28,12,6,3.67,626
"PHYS",1155,"Astronomy Laboratory",109,3,3,0,2,3.84,117
"PHYS",2074,"Contemporary Physics",19,31,10,4,0,3.02,64
"PHYS",2205,"General Physics",210,324,87,15,7,3.08,643
"PHYS",2206,"General Physics",66,29,14,6,2,3.28,117
"PHYS",2215,"General Physics Laboratory",509,34,4,1,0,3.86714285714286,548
"PHYS",2216,"General Physics Laboratory",107,6,0,0,0,3.936,113
"PHYS",2305,"Foundations of Physics I",212,204,162,55,20,2.88722222222222,653
"PHYS",2306,"Foundations of Physics I",207,407,306,71,23,2.6916,1014
"PHYS",2325,"Seminar for Physics Majors",106,26,6,6,6,3.46142857142857,150
"PHYS",2404,"Physics Outreach",12,0,0,0,0,4,12
"PHYS",2504,"Math Methods in Physics",20,29,20,5,3,2.75,77
"PHYS",3324,"Modern Physics",44,23,17,6,8,2.93,98
"PHYS",3356,"Intermediate Mechanics",6,10,12,10,1,2.26,39
"PHYS",3405,"Intermed Elec & Mag",20,26,23,1,1,2.88,71
"PHYS",3655,"Introduction to Astrophysics",55,16,6,2,3,3.41,82
"PHYS",4224,"Physics Teaching and Learning",16,4,0,0,0,3.85,20
"PHYS",4315,"Modern Experimental Physics",33,6,0,0,0,3.75,39
"PHYS",4456,"Intro Quantum Mech",6,17,7,1,1,2.81,32
"PHYS",4504,"Intro Nuc Part Phys",15,2,1,0,0,3.74,18
"PHYS",4614,"Optics",6,7,1,1,1,2.94,16
"PHYS",5354,"Classical Mechanics",8,8,3,0,0,3.22,19
"PHYS",5405,"Classical Electromagnetism",1,18,3,0,0,2.95,22
"PHYS",5456,"Quantum Mechanics",7,3,2,0,0,3.34,12
"PHYS",5555,"Solid-State Physics",12,0,0,0,0,3.93,12
"PHYS",5564,"Advanced Polymer Physics",8,3,1,0,0,3.61,12
"PHYS",5714,"Methods of Theoretical Physics",5,11,6,0,0,2.97,22
"PPWS",4104,"Plant Pathology",15,17,10,3,1,2.91,46
"PPWS",4114,"Microbe Forensics/Biosecurity",38,8,1,0,0,3.74,47
"PPWS",4604,"Biological Invasions",10,3,0,0,0,3.7,13
"PPWS",5704,"Weed Science and Management",8,5,2,0,0,3.42,15
"PPWS",6004,"TS: Field PPWS",14,0,0,0,0,4,14
"PSCI",1004,"Nations and Nationalities",58,117,46,7,6,2.859,234
"PSCI",1014,"US Gov & Politics",73,118,18,4,4,3.15,217
"PSCI",1024,"Comp Gov & Politics",56,39,11,4,0,3.31,110
"PSCI",1034,"Intro to Int'l Studies & PSCI",58,48,11,1,5,3.21,123
"PSCI",2014,"Intro to Political Theory",35,93,10,1,3,3.165,142
"PSCI",2024,"Research Methods",73,72,15,2,3,3.236,165
"PSCI",2054,"Introduction to World Politics",67,35,19,6,2,3.145,129
"PSCI",2064,"Global Econ and World Politics",15,11,1,1,0,3.355,28
"PSCI",2134,"Geog of the Global Economy",6,3,1,0,0,3.44,10
"PSCI",2984,"SS:Intellignce & Nat'l Securty",15,6,2,0,0,3.55,23
"PSCI",3015,"Political Theory",9,13,2,2,1,3.01,27
"PSCI",3016,"Political Theory",19,5,1,1,1,3.37,27
"PSCI",3114,"Global Security",19,7,0,0,1,3.5,27
"PSCI",3115,"Selected World Problems",4,6,1,0,0,3.3,11
"PSCI",3244,"Political Communication",15,1,0,3,0,3.41,19
"PSCI",3314,"Congress",26,5,3,0,0,3.68,34
"PSCI",3324,"The Presidency",26,4,2,0,1,3.58,33
"PSCI",3334,"Judicial Process",16,15,5,1,1,3.15,38
"PSCI",3344,"Global Environ Issues",13,12,3,2,0,3.175,30
"PSCI",3364,"Con Law Civil and Pol Rights",33,5,1,0,0,3.71,39
"PSCI",3434,"Urban Politics",23,1,1,0,2,3.54,27
"PSCI",3514,"Latin Amer Politics",4,8,3,0,1,2.89,16
"PSCI",3516,"European Political Systems",10,12,3,0,2,3.04,27
"PSCI",3524,"Post-Communism",6,2,1,0,1,3.11,10
"PSCI",3544,"State of Israel",18,2,0,0,1,3.57,21
"PSCI",3564,"Violent Political Change",10,15,5,0,2,2.93,32
"PSCI",3615,"International Relations",28,16,8,6,2,3.04,60
"PSCI",3616,"International Relations",22,21,9,0,2,3.065,54
"PSCI",3625,"US-Russia Foreign Policies",12,3,3,0,0,3.45,18
"PSCI",3704,"National Security Strategy",16,7,2,0,0,3.44,25
"PSCI",3714,"The U. S. Policy Process",27,3,0,0,0,3.89,30
"PSCI",3734,"National Security",23,21,0,0,0,3.55,44
"PSCI",3754,"American Political Theory",10,6,3,1,0,3.24,20
"PSCI",3774,"Marxian Political Analysis",6,4,0,0,1,3.22,11
"PSCI",3794,"Terrorism and Counterterrorism",18,17,1,0,1,3.34,37
"PSCI",4324,"Constl Law",9,7,0,0,0,3.53,16
"PSCI",4614,"Sr Sem Intl Relations",13,0,0,0,0,3.98,13
"PSCI",4734,"Int'l Conflict Management",8,4,1,0,0,3.4,13
"PSCI",5115,"Research Methods",11,11,1,0,0,3.4,23
"PSCI",5214,"Contemporary Political Theory",12,5,0,0,0,3.65,17
"PSVP",2044,"Peace and Violence",46,10,3,0,1,3.66,60
"PSYC",1004,"Introductory Psychology",204,440,293,61,23,2.71,1021
"PSYC",1024,"Pathways Psychology Major",59,16,6,2,0,3.51,83
"PSYC",1094,"Prin Psyc Research",129,50,6,1,1,3.5575,187
"PSYC",2034,"Developmental Psychology",162,47,8,0,1,3.6425,218
"PSYC",2044,"Psychology of Learning",68,38,20,1,3,3.34,130
"PSYC",2054,"Psychology of Personality",59,37,11,7,1,3.20666666666667,115
"PSYC",2064,"Nervous Systems & Behavior",91,47,7,4,1,3.45,150
"PSYC",2084,"Social Psychology",112,49,9,4,2,3.455,176
"PSYC",2984,"SS:Psyc of Soc Interventions",18,32,3,0,0,3.33,53
"PSYC",2984,"SS:Transfer Studnt Course PSYC",13,4,2,0,0,3.48,19
"PSYC",3014,"Abnormal Psychology",148,84,16,2,1,3.486,251
"PSYC",3034,"Psyc Dis Children",12,8,2,2,0,3.3,24
"PSYC",3054,"Health Psychology",5,15,6,0,0,3.07,26
"PSYC",3154,"Psych Fdn of Educ",8,2,0,0,0,3.8,10
"PSYC",4024,"Indust/Organiz Psych",17,15,5,1,0,3.26,38
"PSYC",4034,"Adv Dev Psyc",41,46,14,7,1,3.075,109
"PSYC",4064,"Physiological Psychology",8,15,12,3,0,2.74,38
"PSYC",4114,"Cognitive Psychology",26,11,3,1,0,3.49,41
"PSYC",4134,"Language Development",24,17,2,0,0,3.45,43
"PSYC",4214,"Cognitive Psyc Lab",7,3,0,0,0,3.67,10
"PSYC",4234,"Develop Psyc Lab",53,1,0,0,0,3.9725,54
"PSYC",4264,"Lab in Phys Psyc",15,0,0,0,0,4,15
"PSYC",4364,"SR SEM:Challnges Chld/Adol Dev",11,3,0,0,0,3.66,14
"PSYC",4364,"SR SEM:Neuropsychology",7,2,1,0,0,3.6,10
"PSYC",4364,"SR SEM:Psychology of Aging",15,1,0,0,0,3.88,16
"PSYC",4364,"SR SEM:Psychology of Trauma",14,11,0,0,0,3.55,25
"PSYC",4364,"SR SEM:Self and Beyond Self",9,5,0,0,0,3.54,14
"PSYC",4984,"SS:Adv Research Methods",9,3,0,0,0,3.78,12
"PSYC",5315,"Research Methods",8,7,0,0,0,3.47,15
"PSYC",5554,"Social Development",10,1,0,0,0,3.91,11
"PSYC",6954,"TS:Emotion, Stress, Health",11,1,0,0,0,3.92,12
"REAL",2014,"Careers in Real Estate",17,11,0,1,0,3.44,29
"REAL",2984,"SS:Real Estate First Yr Seminr",8,3,0,1,0,3.5,12
"REAL",3014,"Prof Develop in Real Estate",30,8,3,0,0,3.66,41
"REAL",3024,"Applied Real Estate Develop",14,8,1,0,0,3.51,23
"REAL",4075,"Real Estate Studio",15,4,5,0,0,3.38,24
"RLCL",1004,"Investig in Religion & Culture",38,19,5,0,1,3.4,63
"RLCL",1024,"Judaism, Chrisitianity, Islam",35,69,11,1,4,3.04,120
"RLCL",1034,"Religion and the Modern World",24,29,1,0,0,3.49,54
"RLCL",1044,"Religious Ethics",4,17,2,0,2,2.78,25
"RLCL",1134,"Ancient Mediterranean World",8,2,0,0,0,3.77,10
"RLCL",1214,"Medieval",12,15,3,0,0,3.27,30
"RLCL",1904,"Religion and Culture In Asia",38,18,4,0,1,3.5,61
"RLCL",2124,"Religion in American Life",15,13,5,3,0,3.095,36
"RLCL",2324,"Islam",6,12,0,0,0,3.33,18
"RLCL",2414,"Hebrew Bible/Old Testament",6,9,1,0,0,3.33,16
"RLCL",2424,"New Testament",5,17,2,1,0,3.04,25
"RLCL",2444,"Greek and Roman Mythology",19,17,6,2,0,3.18,44
"RLCL",3214,"Religion and Culture in India",7,2,2,0,0,3.35,11
"RLCL",3414,"Jesus and The Gospels",10,3,0,0,0,3.68,13
"RLCL",4324,"Topics in Religion and Culture",10,1,1,0,0,3.7,12
"RTM",5014,"Intro to Biomedical Research",42,0,0,0,0,4,42
"RUS",1105,"Elementary Russian",22,12,2,2,1,3.30666666666667,39
"RUS",2105,"Intermediate Russian",10,6,0,0,0,3.61,16
"RUS",4204,"Topics Russian Civ",15,6,6,0,0,3.315,27
"SBIO",1234,"Intro Wood Desgn & Crftsmanshp",14,1,1,0,0,3.74,16
"SBIO",2104,"Principles of Packaging",10,15,10,3,4,2.55,42
"SBIO",2124,"Struct & Prop of Sust Biomatls",13,25,18,3,1,2.72,60
"SBIO",2784,"Global Forest Sustainability",8,14,5,1,0,3.06,28
"SBIO",3004,"Sust Nature-Based Enterprise",11,10,1,3,0,3.12,25
"SBIO",3214,"Food and Health Care Packaging",13,2,1,0,0,3.68,16
"SBIO",3224,"Packaging Distribution Systems",7,16,5,1,0,2.97,29
"SBIO",3284,"Packaging Polymers & Prod",18,3,0,0,0,3.79,21
"SBIO",3324,"Green Building Systems",15,11,1,0,0,3.44,27
"SBIO",3445,"Wood Design and Innovation",10,1,0,0,0,3.85,11
"SBIO",4024,"Packaging Design Global Dist",16,5,1,0,0,3.56,22
"SBIO",4314,"Design of Wood Structures",9,10,5,0,0,3.18,24
"SBIO",4715,"Wood House",8,8,3,0,1,3.12,20
"SOC",1004,"Introductory Sociology",369,344,76,14,12,3.41875,815
"SOC",1014,"Intro Social Anthrop",34,21,1,0,0,3.58,56
"SOC",1024,"First Year Experience Soc",27,3,1,0,2,3.61,33
"SOC",2004,"Social Problems",78,42,18,1,3,3.3025,142
"SOC",2014,"Dating, Marriage and Divorce",6,16,12,2,0,2.76,36
"SOC",2024,"Minority Group Relations",67,17,3,2,1,3.605,90
"SOC",2034,"Diversity Community Engagement",16,0,0,0,0,3.94,16
"SOC",2304,"Individual In Society",12,10,4,0,0,3.25,26
"SOC",2404,"Deviant Behavior",32,1,3,0,1,3.65,37
"SOC",3004,"Social Inequality",5,13,10,1,1,2.69,30
"SOC",3104,"Sociological Theory",21,13,1,0,0,3.51,35
"SOC",3204,"Social Research Methods",4,10,11,4,1,2.42,30
"SOC",3303,"Social Movements",9,5,1,1,0,3.32,16
"SOC",3414,"Criminology",52,18,13,2,0,3.25,85
"SOC",4014,"Sociology of the Family",18,22,8,0,0,3.25,48
"SOC",4034,"Sociology of Education",14,3,2,0,0,3.62,19
"SOC",4194,"Senior Seminar",15,4,0,1,0,3.65,20
"SOC",4424,"Juvenile Delinquency",16,9,9,3,1,2.92,38
"SOC",4434,"Advanced Topics in Criminology",13,2,0,0,0,3.85,15
"SOC",4444,"Schools, Violence, and Justice",29,9,1,0,0,3.64,39
"SOC",4984,"SS:System of Justice",12,2,0,2,0,3.48,16
"SOC",5114,"Contemp Social Theory",17,1,0,0,0,3.89,18
"SPAN",1105,"Elementary Spanish",50,21,8,3,0,3.384,82
"SPAN",2105,"Intermediate Spanish",50,25,0,0,0,3.61,75
"SPAN",2106,"Intermediate Spanish",11,8,1,0,0,3.52,20
"SPAN",2754,"Span-Am Culture/Civ",15,4,2,0,0,3.59,21
"SPAN",3105,"Gram/Composition/Conv",47,51,20,3,2,3.05428571428571,123
"SPAN",3106,"Gram/Composition/Conv",12,14,1,2,0,3.29,29
"SPAN",3304,"Intro Hispanic Lit",62,14,0,1,1,3.6675,78
"SPAN",3404,"Early Penin Culture & Lit",11,6,2,0,0,3.43,19
"SPAN",3444,"Early Span-Am Culture & Lit",21,10,0,0,0,3.68,31
"SPAN",3484,"Mod Andean/S Cone Cult Lit",21,2,1,0,0,3.78,24
"SPAN",3544,"Spanish Phonetics & Phonology",29,8,1,0,1,3.525,39
"SPAN",4104,"Advanced Grammar and Style",10,6,0,0,0,3.59,16
"SPAN",4334,"Hisp Life/Lit/Lang",13,3,1,0,0,3.67,17
"SPAN",4344,"Hispanic Lit & History",12,6,0,0,0,3.57,18
"STAT",1004,"Experience Learning from Data",10,4,1,0,0,3.6,15
"STAT",2004,"Introductory Statistics",72,96,31,14,5,3.02375,218
"STAT",2524,"Data Science",16,3,3,0,0,3.63,22
"STAT",3005,"Statistical Methods",56,30,8,2,3,3.165,99
"STAT",3006,"Statistical Methods",23,13,5,0,4,3.12,45
"STAT",3094,"SAS Programming",23,10,3,0,1,3.47,37
"STAT",3504,"Nonparametric Statistics",20,10,5,1,1,3.25,37
"STAT",3604,"Stat Social Sciences",53,45,25,9,5,2.91,137
"STAT",3615,"Biological Statistics",195,71,11,4,4,3.566,285
"STAT",3616,"Biological Statistics",8,8,3,0,0,3.31,19
"STAT",3654,"Intro Data Analytics & Visual",5,7,2,0,0,3.28,14
"STAT",3704,"Stat for Eng Apps",90,55,13,5,1,3.25,164
"STAT",4105,"Theoretical Statistics",10,9,8,5,5,2.42,37
"STAT",4204,"Experimental Designs",32,25,2,1,1,3.455,61
"STAT",4214,"Methods of Regression Analysis",11,12,1,0,1,3.29,25
"STAT",4584,"Advanced Calculus for STAT",22,5,0,0,0,3.74,27
"STAT",4604,"Stat Methods for Engr",85,32,3,0,2,3.56,122
"STAT",4705,"Statistics for Engr",31,22,10,4,0,3.22,67
"STAT",4706,"Statistics for Engr",107,24,0,1,1,3.675,133
"STAT",4714,"Prob & Stat for EE",118,44,26,5,7,3.285,200
"STAT",5034,"Inference Fundamentals",25,12,0,0,0,3.67,37
"STAT",5044,"Regression and ANOVA",30,7,0,0,0,3.72,37
"STAT",5104,"Prob Distrib Theory",28,7,0,0,0,3.71,35
"STAT",5204,"Exp Design: Concepts & Appl",21,4,0,0,0,3.86,25
"STAT",5214,"Adv Method Regression",15,1,1,0,0,3.81,17
"STAT",5444,"Bayesian Statistics",31,4,0,0,0,3.78,35
"STAT",5474,"Stat Quality Control",4,7,0,0,0,3.34,11
"STAT",5514,"Regression Analysis",20,0,0,0,0,4,20
"STAT",5525,"Data Analytics",20,0,0,0,0,4,20
"STAT",5544,"Spatial Statistics",13,0,0,0,0,4,13
"STAT",5605,"Biometry",28,10,2,0,0,3.6,40
"STAT",5615,"Statistics in Research",183,36,0,0,0,3.86,219
"STAT",5674,"Methods in Biostatistics",7,4,0,0,0,3.66,11
"STL",4304,"Patent Law",13,0,0,0,0,3.86,13
"STS",1504,"Humanities Science Environment",76,29,1,0,1,3.61833333333333,107
"STS",3105,"Sci & Techn in Modern Society",23,19,1,1,0,3.475,44
"STS",3314,"Medical Dilemmas & Human Exper",31,0,0,0,0,3.88,31
"STS",4304,"Issues in Hum, Sci, & Tech",2,9,1,0,0,3.23,12
"STS",5205,"Hist Sci & Tech",10,0,0,0,0,3.91,10
"STS",6534,"Cul Stu Sci Tech Med",9,1,0,0,0,3.84,10
"TA",1004,"TS:Perf Arts First Year Exper",12,5,1,1,0,3.47,19
"TA",2014,"Introduction to Theatre",271,192,43,6,2,3.4,514
"TA",2024,"Introduction to Acting",46,10,2,0,0,3.65,58
"TA",2104,"Fund of Theatre & Production",8,13,3,0,2,2.96,26
"TA",2114,"Script Analysis",15,5,1,0,0,3.6,21
"TA",2134,"Acting Lab",20,9,0,0,0,3.64,29
"TA",2135,"Theatre Design Lab",12,8,2,0,1,3.28,23
"TA",2204,"Creative Dance",56,2,0,0,0,3.94,58
"TA",2224,"Interm Perf Intensive",15,2,1,0,0,3.78,18
"TA",2984,"SS:Ballet",14,0,0,0,0,4,14
"TA",3014,"Theatre Production Lab",16,1,0,0,0,3.94,17
"TA",3105,"History of Drama and Theatre",17,7,1,0,2,3.34,27
"TA",3154,"TS:Comedy",8,3,1,0,0,3.56,12
"TA",3154,"TS:The Business of Acting",10,1,0,0,0,3.8,11
"TA",3174,"TS:Musical Theatre Dance",7,6,0,0,0,3.42,13
"TA",3604,"Arts Management",9,2,0,0,0,3.85,11
"TA",4315,"Directing",12,12,0,0,0,3.44,24
"TA",5015,"Graduate Seminar",9,7,0,0,0,3.54,16
"TBMH",5004,"Translational Biol, Med & Hlth",5,11,1,0,0,3.24,17
"TBMH",5105,"Prof Development and Ethics",19,0,0,0,0,4,19
"TBMH",5404,"Scientific Logic and Analysis",22,0,0,0,0,4,22
"UAP",1004,"Introduction to UAP Careers",8,7,8,4,1,2.6,28
"UAP",1024,"Urban Public Issues",12,9,0,1,2,3.17,24
"UAP",2014,"Urbanization and Development",11,6,0,1,0,3.42,18
"UAP",3024,"Urban and Regional Analysis",32,3,0,0,2,3.67,37
"UAP",3344,"Global Environ Issues",19,12,2,1,0,3.38,34
"UAP",3354,"Environ Policy & Plan",28,13,2,0,1,3.45,44
"UAP",4184,"Community Involvement",18,13,3,0,1,3.34,35
"UAP",4344,"Law of Critical Envl Areas",13,14,8,1,1,2.98,37
"UAP",4354,"Environ Prob Solving",10,12,0,0,0,3.5,22
"UAP",4374,"Land Use and Environ",35,19,2,0,0,3.56,56
"UAP",4384,"Pollution Contrl Plan",15,8,4,0,1,3.24,28
"UAP",4714,"Econ St and Loc Govt",12,4,0,0,0,3.68,16
"UAP",5124,"Planning Studio",14,0,0,0,0,4,14
"UAP",5224,"Quant Techs in Planng",21,4,0,0,0,3.8,25
"UAP",5234,"Urban Econ and Policy",13,0,1,0,0,3.75,14
"UAP",5624,"Urban Design Seminar",8,2,0,0,0,3.71,10
"UAP",5774,"Econ Develp Studio",22,0,0,0,0,3.7,22
"UAP",5784,"TS:Economic Develpmnt Planning",9,1,0,0,0,3.84,10
"UH",2004,"Careers in Medicine",84,5,0,0,0,3.92,89
"UH",2984,"SS:PGS Pre-Departure Acad Sem",14,0,0,0,0,4,14
"UH",3004,"TS:Biomedical Ethics",16,0,0,0,0,4,16
"UH",3004,"TS:Controversial Issue Sci/Soc",14,0,0,0,0,4,14
"UH",3004,"TS:Create!",15,0,0,0,0,3.98,15
"UH",3004,"TS:Cultural Impcts of Taxation",11,0,0,0,0,4,11
"UH",3004,"TS:Nutrition, Brain & Behavior",14,0,0,0,0,4,14
"UH",3004,"TS:The Good Life",10,0,0,0,0,4,10
"UNIV",1004,"College Success Strategies",67,6,3,1,2,3.7075,79
"UNIV",1824,"Pathway Exploring Your Future",371,66,10,2,3,3.734375,452
"VM",8014,"Veterinary Anatomy I",66,44,10,3,0,3.37,123
"VM",8024,"Descriptive Embryology",112,0,0,0,0,3.99,112
"VM",8034,"Veterinary Physiology I",68,43,11,1,0,3.43,123
"VM",8044,"Medical Biochemistry",41,44,26,10,2,2.89,123
"VM",8054,"Veterinary Histology",17,72,27,6,1,2.78,123
"VM",8064,"Veterinary Immunology",59,57,7,0,0,3.38,123
"VM",8074,"Vet Lrg Anml Hsbndry",49,53,7,0,0,3.36,109
"VM",8144,"Veterinary Ethology",69,52,2,0,0,3.54,123
"VM",8244,"Morph Nat Hist Mammal",25,7,0,0,0,3.74,32
"VM",8264,"Small Animal Nutrition",66,4,0,0,0,3.85,70
"VM",8274,"Pharmacology Topics",24,19,0,0,0,3.52,43
"VM",8314,"Fund Vet Pharmacol",9,44,57,9,1,2.41,120
"VM",8334,"Vet Bacteriol Mycol",16,72,30,2,0,2.85,120
"VM",8344,"Veterinary Ophthalmology",20,50,39,12,2,2.61,123
"VM",8374,"Fundamentals of Theriogenology",69,51,0,0,0,3.55,120
"VM",8384,"Food Animal Nutrition",13,12,1,0,0,3.37,26
"VM",8394,"Equine Nutrition",16,0,0,0,0,4,16
"VM",8404,"Veterinary Pathology II",76,40,4,0,0,3.57,120
"VM",8434,"Veterinary Public Health",37,73,13,1,0,3.17,124
"VM",8454,"Veterinary Clinical Nutrition",69,44,7,0,0,3.49,120
"VM",8544,"Veterinary Radiology",24,65,28,3,0,2.91,120
"VM",8586,"Small Animal Medicine",20,28,25,4,1,2.77,78
"VM",8614,"Veterinary Gastroenterology",11,54,54,4,1,2.58,124
"VM",8615,"Food An Med Surg",16,18,5,0,0,3.19,39
"VM",8624,"Vet Surgical Princ & Prac",26,86,12,0,0,3.13,124
"VM",8654,"Veterinary Neurology",30,72,21,1,0,3.05,124
"VM",8694,"Adv SA Clin Tech",35,26,4,0,0,3.4,65
"VM",8695,"Equine Medicine and Surgery",10,17,2,0,0,3.27,29
"VM",8984,"SS:Emergin & Exotic Dis of An",114,0,0,0,0,4,114
"VM",8984,"SS:Prof Found in Vet Med IV",124,0,0,0,0,4,124
"VM",8984,"SS:Professional Foundations I",122,0,0,0,0,4,122
"VM",8984,"SS:Vets in the Global Communty",26,3,0,0,0,3.84,29
"VM",9174,"Equine Neonatal Medicine",20,1,0,0,0,3.87,21
"WGS",1824,"Intro Women's & Gender Studies",226,29,3,1,3,3.78428571428571,262
"WGS",2114,"Feminist Theory",9,8,2,0,0,3.32,19
"WGS",2224,"Women and Creativity",12,6,0,0,0,3.7,18
"WGS",2264,"Race Class Gender Sexualities",16,1,1,0,0,3.77,18
